S.N,BUSINESS_DATE,SECURITY_ID,SYMBOL,SECURITY_NAME,OPEN_PRICE,HIGH_PRICE,LOW_PRICE,CLOSE_PRICE,TOTAL_TRADED_QUANTITY,TOTAL_TRADED_VALUE,PREVIOUS_DAY_CLOSE_PRICE,FIFTY_TWO_WEEKS_HIGH,FIFTY_TWO_WEEKS_LOW,LAST_UPDATED_TIME,LAST_UPDATED_PRICE,TOTAL_TRADES,AVERAGE_TRADED_PRICE,MARKET_CAPITALIZATION,Change,Up,Down,avg Up,avg Down,RS,RSI
2,2022-02-03,250,JFL,Janaki Finance Ltd.,705.0,710.0,690.9,692.0,47288,32998245.8,692.1,836.0,244.0,2022-02-03T14:59:56.903676,692.0,347,697.81,4154.85,-168.39999999999998,0.0,-168.39999999999998,0.0,-90.67692307692306,0.0,0.0
3,2022-02-03,338,PROFL,ProgressiveFinance Limited,411.0,414.0,395.0,399.0,35097,14220282.6,406.0,574.0,152.0,2022-02-03T14:59:32.575852,399.0,274,405.17,3415.87,-293.0,0.0,-293.0,0.0,-168.73858267716534,0.0,0.0
4,2022-02-03,490,FMDBL,First Micro Finance Development Bank Ltd.,900.0,907.8,880.0,882.0,18702,16734227.5,899.0,1365.0,667.0,2022-02-03T14:59:58.793621,882.0,172,894.78,8506.82,483.0,483.0,0.0,149.92669683257918,-116.36090497737555,1.2884627947997649,56.30254499778758
5,2022-02-03,575,RMDC,RMDC Laghubitta Bittiya Sanstha Ltd.,1305.0,1330.0,1255.0,1260.0,23384,30148577.4,1305.6,1800.0,1001.0,2022-02-03T14:59:56.831931,1260.0,302,1289.28,15637.44,378.0,378.0,0.0,210.56272838002434,-85.4249584763592,2.464885346573463,71.13901615853084
6,2022-02-03,687,VLBS,Vijaya laghubitta Bittiya Sanstha Ltd.,1400.0,1445.0,1361.1,1395.0,1535,2136157.0,1423.0,2036.0,1240.0,2022-02-03T14:59:40.143108,1395.0,45,1391.63,4463.96,135.0,135.0,0.0,192.673883340611,-65.20131280548786,2.9550614098125036,74.71594252572157
7,2022-02-03,704,NMBMF,NMB  Microfinance Bittiya Sanstha Ltd.,1126.0,1127.0,1100.0,1100.0,3751,4166997.0,1105.0,1661.0,1000.0,2022-02-03T14:59:50.490248,1100.0,54,1110.9,7214.49,-295.0,0.0,-295.0,150.974843958963,-114.93500966691009,1.3135670706123306,56.77670154013168
8,2022-02-03,2787,KPCL,Kalika power Company Ltd,549.0,575.0,545.0,547.9,38315,21474442.1,539.0,878.9,221.0,2022-02-03T14:59:55.619525,547.9,267,560.47,3780.51,-552.1,0.0,-552.1,120.53943505618473,-203.06422967380914,0.593602503256297,37.24909455421637
9,2022-02-03,2809,SHIVM,SHIVAM CEMENTS LTD,1524.0,1524.0,1470.0,1470.0,57741,85999213.7,1496.0,1910.0,1027.0,2022-02-03T14:59:57.015460,1470.0,488,1489.39,64680.0,922.1,922.1,0.0,273.1636499426887,-164.39900588292784,1.6615894267463793,62.42846511370331
10,2022-02-03,2841,RHPL,RASUWAGADHI HYDROPOWER COMPANY LIMITED,425.0,435.0,420.5,420.5,129967,55565500.5,422.0,613.0,301.0,2022-02-03T14:59:55.933865,420.5,825,427.53,25893.93,-1049.5,0.0,-1049.5,223.5119018068239,-325.2798977729166,0.6871371496890389,40.72799593178818
11,2022-02-03,2900,RLI,Reliance Life Insurance Limited,584.0,584.4,572.0,574.0,24984,14372260.4,573.0,815.0,423.4,2022-02-03T14:59:59.816296,574.0,506,575.25,12054.0,153.5,153.5,0.0,211.262743705189,-268.3695040787441,0.7872084588389036,44.04681809475821
12,2022-02-03,2925,MLBSL,Mahila Lagubitta Bittiya Sanstha Limited ,3980.0,4010.0,3940.0,3945.0,1513,5989931.0,3973.0,5749.0,438.0,2022-02-03T14:59:35.747399,3945.0,80,3958.97,5818.88,3371.0,3371.0,0.0,746.8905350289464,-222.87642884219417,3.351141881216053,77.01752718482899
13,2022-02-03,4955,MKLB,Manakamana Smart Laghubitta Bittiya Sanstha Limited,1461.2,1487.9,1452.0,1487.9,4049,5939076.2,1491.0,2310.0,296.7,2022-02-03T14:56:05.934471,1487.9,109,1466.8,2109.03,-2457.1,0.0,-2457.1,623.5679293973951,-591.7795805576349,1.0537165354874294,51.30778845471681
14,2022-02-03,8023,MMF1,Mega Mutual Fund -1,9.03,9.36,9.03,9.3,22120,203309.0,9.2,10.28,8.58,2022-02-03T14:52:11.543898,9.3,83,9.19,1162.5,-1478.6000000000001,0.0,-1478.6000000000001,522.8494459019151,-735.0185182390145,0.711341868167591,41.56632180858499
15,2022-02-03,8032,BNHC,Buddha Bhumi Nepal Hydropower Company Limited,678.0,744.0,640.0,744.0,46157,30917649.2,678.0,744.0,246.7,2022-02-03T14:59:54.916414,744.0,2898,669.83,2976.0,734.7,734.7,0.0,556.4405812469239,-618.4735951805491,0.8996998183640871,47.36010445791679
16,2022-02-03,144,NCCB,Nepal Credit And Commercial Bank Limited,278.0,281.5,271.8,273.0,98739,27226574.6,276.0,407.0,252.8,2022-02-03T14:59:57.005119,273.0,383,275.74,30411.32,-471.0,0.0,-471.0,469.5751510102365,-595.4516271112849,0.7886033552184363,44.0904548746151
17,2022-02-03,148,TRH,Taragaon Regency Hotel Limited,380.4,382.0,371.0,374.0,11828,4440138.6,375.0,468.0,275.0,2022-02-03T14:59:57.890393,374.0,56,375.39,7056.09,101.0,101.0,0.0,412.7897383008328,-503.7119471536929,0.819495627676431,45.039714040036465
18,2022-02-03,149,OHL,Oriental Hotels Limited,501.0,530.0,501.0,507.5,8885,4540049.5,510.0,761.0,398.0,2022-02-03T14:59:58.586724,507.5,44,510.97,5725.06,133.5,133.5,0.0,370.23731964240545,-426.9666940379193,0.867133958719329,46.44197887730016
19,2022-02-03,185,SIC,Sagarmatha Insurance Co. Ltd.,1380.0,1396.0,1373.0,1380.0,3963,5481294.1,1370.0,1890.0,1008.0,2022-02-03T14:59:54.568351,1380.0,69,1383.11,15336.73,872.5,872.5,0.0,446.04145250419487,-362.52662857383586,1.2303687987249452,55.16436561649899
20,2022-02-03,227,BFC,Best Finance Company Ltd.,531.0,532.0,516.0,516.1,37500,19689575.4,520.6,630.0,151.0,2022-02-03T14:59:55.279707,516.1,295,525.05,4278.02,-863.9,0.0,-863.9,379.26131482051125,-437.5909137132467,0.8667029020374979,46.42961132655312
21,2022-02-03,236,PFL,Pokhara Finance Ltd.,620.0,620.0,596.0,596.0,76668,46398407.0,614.9,920.0,245.0,2022-02-03T14:59:59.817496,596.0,519,605.18,6203.88,79.89999999999998,79.89999999999998,0.0,334.74711247880344,-372.52235103806163,0.8985960481190065,47.32950166041225
22,2022-02-03,348,CZBIL,Citizen Bank International Limited,298.0,305.0,298.0,299.0,83422,25099298.0,299.0,444.0,252.9,2022-02-03T14:59:46.308079,299.0,472,300.87,42460.91,-297.0,0.0,-297.0,285.26014841770296,-361.3575889465977,0.7894123636624646,44.11573205221079
23,2022-02-03,417,GBBL,Garima Bikas Bank Limited,623.9,625.0,612.0,615.0,158501,97617980.6,615.0,750.0,293.0,2022-02-03T14:59:59.847270,615.0,700,615.88,22606.86,316.0,316.0,0.0,289.78203567250995,-308.20124004521193,0.9402364365243957,48.45988967244991
24,2022-02-03,447,GLICL,Gurans Life Insurance Company Ltd.,709.9,728.0,693.0,695.0,53308,37438367.2,700.0,901.0,460.0,2022-02-03T14:59:45.519307,695.0,256,702.3,14485.54,80.0,80.0,0.0,259.0531556029187,-263.0559114078577,0.984783631040578,49.616674363858884
25,2022-02-03,450,CORBL,Corporate Development Bank Limited,610.1,620.0,601.2,601.2,6433,3923656.1,610.0,1155.0,460.0,2022-02-03T14:58:56.974031,601.2,85,609.92,3006.0,-93.79999999999995,0.0,-93.79999999999995,221.24401857913,-238.3527962050648,0.9282207807152578,48.138718864493406
26,2022-02-03,1741,MERO,Mero Microfinance Bittiya Sanstha Ltd.,1224.0,1232.0,1199.0,1199.0,13769,16672796.6,1200.0,1989.0,878.1,2022-02-03T14:59:58.940310,1199.0,176,1210.89,14388.0,597.8,597.8,0.0,276.0333171954282,-203.67220906359287,1.3552821882991504,57.5422424978239
27,2022-02-03,2746,NMFBS,National Microfinance Bittiya Sanstha Ltd.,2710.0,2749.0,2675.0,2680.0,4689,12705572.5,2705.0,4080.0,2360.0,2022-02-03T14:58:26.517924,2680.0,112,2709.65,15722.89,1481.0,1481.0,0.0,450.89493857781747,-174.11582944278888,2.5896263425375285,72.14194725089146
28,2022-02-03,2768,MSLB,Mahuli Samudayik Laghubitta Bittiya Sanstha Ltd.,1640.0,1655.0,1630.0,1635.0,1325,2179459.0,1651.0,3131.0,1485.0,2022-02-03T14:57:23.613377,1635.0,35,1644.87,4613.47,-1045.0,0.0,-1045.0,385.6098020427099,-300.211261253184,1.2844614836666797,56.22600743546142
30,2022-02-03,2917,CGH,Chandragiri Hills Limited,1470.0,1470.0,1425.0,1426.0,11539,16692792.1,1455.0,2800.0,159.0,2022-02-03T14:59:59.652111,1426.0,203,1446.64,21876.14,-209.0,0.0,-209.0,329.88502412898265,-287.030249646011,1.1493040351524748,53.4733111907521
32,2022-02-03,4947,PSF,Prabhu Select Fund,9.08,9.52,9.08,9.22,17735,164335.55,9.25,11.22,8.75,2022-02-03T14:54:21.988061,9.22,47,9.26,1152.5,-1416.78,0.0,-1416.78,282.2917805367725,-450.02175012047013,0.6272847489286982,38.547940017361
33,2022-02-03,142,KBL,Kumari Bank Limited,264.0,270.2,262.0,263.0,110414,29305691.4,263.0,413.0,223.0,2022-02-03T14:59:56.931889,263.0,585,265.41,38690.41,253.78,253.78,0.0,278.1841353849072,-385.18785952103343,0.7222037987667075,41.93486271972498
34,2022-02-03,152,NHPC,National Hydro Power Company Limited,425.4,441.6,417.0,418.0,578092,248178259.1,417.1,530.9,132.0,2022-02-03T14:59:56.953484,418.0,2783,429.3,5790.08,155.0,155.0,0.0,260.45866955944376,-329.7616131217749,0.789839263259733,44.129061166154294
35,2022-02-03,183,NIL,Neco Insurance Co. Ltd.,1326.0,1326.0,1294.0,1299.0,39543,51611993.5,1300.0,1900.0,950.0,2022-02-03T14:59:43.815236,1299.0,290,1305.21,19766.02,881.0,881.0,0.0,349.6583902475025,-282.3600262472585,1.2383423917849896,55.32408251435834
36,2022-02-03,190,LGIL,Lumbini General Insurance Co. Ltd.,807.0,807.0,778.0,778.0,29500,23208822.0,800.0,975.0,566.5,2022-02-03T14:59:55.453309,778.0,166,786.73,9327.36,-521.0,0.0,-521.0,299.44132707233916,-316.63290220936,0.9457050261768006,48.604748070937404
37,2022-02-03,428,KRBL,Karnali Development Bank Limited,465.0,466.0,441.1,445.0,33082,14936006.4,457.0,607.0,157.0,2022-02-03T14:59:53.208475,445.0,220,451.48,2358.54,-333.0,0.0,-333.0,256.46898711048516,-318.981717910001,0.8040240951453103,44.56836786764469
38,2022-02-03,471,MPFL,Multipurpose Finance Company  Limited,457.9,460.0,442.0,442.0,17343,7828805.1,449.0,696.0,167.0,2022-02-03T14:59:30.512438,442.0,103,451.41,1997.84,-3.0,0.0,-3.0,219.6874915730029,-273.6652050708643,0.802760042206008,44.529500510987795
39,2022-02-03,593,KMCDB,Kalika Laghubitta Bittiya Sanstha Ltd,1370.0,1374.0,1331.0,1334.0,10385,14074673.8,1365.0,1715.0,1015.0,2022-02-03T14:59:30.928612,1334.0,115,1355.28,4173.76,892.0,892.0,0.0,316.05342200463053,-234.43939596741873,1.34812419516963,57.412814788199086
40,2022-02-03,601,MLBBL,Mithila LaghuBitta Bittiya Sanstha Limited,1844.9,1844.9,1775.0,1808.0,375,671009.0,1810.0,2540.0,1475.0,2022-02-03T14:53:43.315004,1808.0,11,1789.35,3081.51,474.0,474.0,0.0,338.6818850178439,-200.85207000050636,1.6862255142154625,62.77304363658167
41,2022-02-03,702,EICPO,Everest Insurance Co. Ltd. Promoter Share,467.0,470.0,451.4,451.4,1831,855390.6,468.0,530.1,325.9,2022-02-03T13:59:08.542096,451.4,7,467.17,457.04,-1356.6,0.0,-1356.6,290.1799537186102,-366.36433735166275,0.7920529487565124,44.19807736741875
42,2022-02-03,2751,KKHC,Khanikhola Hydropower Co. Ltd.,340.0,345.4,332.0,335.0,35071,11853707.9,334.0,556.2,111.0,2022-02-03T14:59:59.338952,335.0,301,337.99,1560.14,-116.39999999999998,0.0,-116.39999999999998,248.6384557233955,-330.5800149479222,0.7521279099783593,42.92654124707419
43,2022-02-03,2752,NMBHF1,NMB Hybrid Fund L-1,12.0,12.2,11.9,11.9,45444,544981.92,12.24,16.25,10.13,2022-02-03T14:54:57.294035,11.9,26,11.99,11900.0,-323.1,0.0,-323.1,213.05463886580375,-329.50951488700235,0.6465811433058797,39.26810081206952
44,2022-02-03,2790,ACLBSL,Aarambha Chautari Laghubitta Bittiya Sanstha Limited,1451.0,1468.0,1425.0,1433.0,3807,5489258.1,1445.0,1938.0,1077.0,2022-02-03T14:59:26.861668,1433.0,91,1441.88,4398.21,1421.1,1421.1,0.0,385.8991662147449,-282.36400347661083,1.3666726688365227,57.74658603331026
45,2022-02-03,2811,MHNL,Mountain Hydro Nepal Limited,525.0,536.0,511.0,516.0,79292,41703165.0,515.0,720.0,208.0,2022-02-03T14:59:57.975622,516.0,322,525.94,6450.0,-917.0,0.0,-917.0,330.6977280873533,-373.14631855424005,0.8862414330352921,46.984517332395505
46,2022-02-03,2862,CMF2,CITIZENS MUTUAL FUND 2,10.3,10.49,10.3,10.36,9700,100821.8,10.42,16.87,9.04,2022-02-03T14:47:41.887517,10.36,15,10.39,580.16,-505.64,0.0,-505.64,283.40159524441856,-392.09546221709843,0.7227872356439121,41.95452698334869
47,2022-02-03,2880,HDHPC,Himal Dolakha Hydropower Company Limited,368.2,373.9,357.0,360.0,322163,118518737.9,361.0,478.9,123.0,2022-02-03T14:59:53.478437,360.0,1209,367.88,5760.0,349.64,349.64,0.0,292.8734253540265,-336.0273606592087,0.8715761263591034,46.56909831686281
48,2022-02-03,2902,LUK,Laxmi Unnati Kosh,10.2,10.45,10.12,10.4,20150,209227.5,10.37,16.0,9.31,2022-02-03T14:55:53.129345,10.4,34,10.38,678.73,-349.6,0.0,-349.6,250.99949945368238,-337.9679248921752,0.742672546614478,42.616873035458184
49,2022-02-03,2907,SSHL,Shiva Shree Hydropower Ltd,398.8,414.1,383.0,386.9,128938,51284152.7,391.0,533.0,156.0,2022-02-03T14:59:55.451277,386.9,671,397.74,5712.19,376.5,376.5,0.0,268.94094676318014,-289.65231108699044,0.9284957739640126,48.14611400757673
50,2022-02-03,2934,SHEL,Singati Hydro Energy Limited,521.4,537.0,516.1,524.0,101166,53322018.6,511.2,650.0,306.0,2022-02-03T14:59:59.962907,524.0,1118,527.07,7598.0,137.10000000000002,137.10000000000002,0.0,250.09499731517735,-248.2480816251986,1.0074397984382704,50.185305642641396
51,2022-02-03,280,SIL,Siddhartha Insurance Ltd.,1009.8,1050.0,1009.8,1018.0,74774,76542627.7,990.0,1376.0,732.0,2022-02-03T14:59:40.652002,1018.0,475,1023.65,11401.6,494.0,494.0,0.0,284.95684835112866,-212.76546525278383,1.339300285469614,57.25217466900577
52,2022-02-03,371,MDB,Miteri Development Bank Limited,570.0,576.9,559.0,559.0,25063,14244673.3,562.1,873.2,320.0,2022-02-03T14:59:53.679401,559.0,161,568.35,5050.16,-459.0,0.0,-459.0,244.23042354592573,-247.957643724205,0.9849683190955592,49.62136219606543
53,2022-02-03,517,NBL,Nepal Bank Limited,380.0,382.5,370.0,370.5,114244,42650667.1,375.0,575.0,317.0,2022-02-03T14:59:58.795632,370.5,687,373.32,53373.88,-188.5,0.0,-188.5,209.32691735894946,-239.46042128377235,0.8741608163751069,46.64278586646892
54,2022-02-03,618,LLBS,Laxmi Laghubitta Bittiya Sanstha Ltd.,1620.0,1629.2,1575.0,1588.0,691,1107786.0,1600.0,2574.0,1205.0,2022-02-03T14:48:28.394147,1588.0,23,1603.16,6098.78,1217.5,1217.5,0.0,353.39921501361584,-205.24049051421548,1.7218786318830128,63.26066899947726
55,2022-02-03,657,MEGAPO,Mega  Bank Nepal Ltd. Promoter Share,120.0,120.0,120.0,120.0,26896,3227520.0,120.0,132.0,118.0,2022-02-03T12:45:51.888147,120.0,1,120.0,3131.52,-1468.0,0.0,-1468.0,302.89932028912415,-385.6857761352545,0.7853525824164739,43.98865468654373
56,2022-02-03,1740,GIMES1,Global IME Samunnat Scheme-1,12.39,12.39,11.91,12.1,207214,2509399.26,12.15,25.09,9.9,2022-02-03T14:58:53.632470,12.1,57,12.11,1210.0,-107.9,0.0,-107.9,259.6174890685604,-345.99246461945745,0.7503559054504345,42.868761896589184
57,2022-02-03,2758,FOWAD,Forward Microfinance Bittiya Sanstha Ltd.,2520.0,2560.0,2485.0,2490.0,25690,64774213.3,2560.0,3530.0,2000.0,2022-02-03T14:59:56.620075,2490.0,628,2521.37,21026.83,2477.9,2477.9,0.0,576.5808982609188,-296.55468985442025,1.9442649804120935,66.03566572122747
58,2022-02-03,2829,SMFBS,Swabhimaan Laghubitta Bittiya Sanstha Limited,1994.0,1994.0,1925.0,1950.0,958,1871954.2,1994.0,3110.0,1670.0,2022-02-03T14:55:22.924992,1950.0,36,1954.02,2374.75,-540.0,0.0,-540.0,494.19751535372563,-331.3387908594588,1.4915172294551688,59.86381357600828
59,2022-02-03,2835,NBF2,NABIL BALANCED FUND-2,11.49,11.5,11.2,11.5,36660,414636.3,11.37,17.0,10.0,2022-02-03T14:45:15.480262,11.5,30,11.31,1288.0,-1938.5,0.0,-1938.5,423.5870832738507,-560.96832940176,0.7550998177126712,43.02318364415039
60,2022-02-03,2860,SAPDBL,Saptakoshi Development Bank Ltd,377.0,382.9,362.6,363.0,42159,15761827.1,370.0,540.0,155.0,2022-02-03T14:59:28.534787,363.0,188,373.86,3028.65,351.5,351.5,0.0,413.2875798604112,-480.8195016075207,0.8595482888665488,46.223499223592064
63,2022-02-03,4951,JBLB,Jeevan Bikas Laghubitta  Bittya Sanstha Ltd,4900.0,4950.0,4740.0,4765.0,17003,81885968.2,4866.0,5516.9,890.0,2022-02-03T14:59:57.766131,4765.0,871,4815.97,28990.26,4402.0,4402.0,0.0,983.167601999536,-412.1232910616053,2.3856152353509414,70.46327091281702
64,2022-02-03,155,STC,Salt Trading Corporation,6696.0,6749.0,6575.0,6576.0,3504,23208593.9,6623.1,13780.0,4740.0,2022-02-03T14:59:50.163622,6576.0,131,6623.45,15156.56,1811.0,1811.0,0.0,1101.4407514792363,-353.2428706703175,3.1180834573932956,75.71685930248267
65,2022-02-03,359,SRBL,Sunrise Bank Limited,290.0,295.0,287.2,287.2,42612,12396188.8,289.9,418.2,250.0,2022-02-03T14:59:39.050726,287.2,231,290.9,29061.46,-6288.8,0.0,-6288.8,944.0790965796672,-1201.2495304637312,0.7859142273422693,44.00626946747815
66,2022-02-03,592,NSLB,Naya Sarathi Laghubitta Bittiya Sanstha Limited,1500.0,1500.0,1455.0,1459.1,2398,3510424.8,1485.0,1987.9,1026.1,2022-02-03T14:59:33.277845,1459.1,29,1463.89,3720.03,1171.8999999999999,1171.8999999999999,0.0,976.6272404414908,-1029.6303245678414,0.9485222192260148,48.67905584380677
67,2022-02-03,694,KLBSL,Kisan Lagubitta Bittiya Sanstha Limited,1719.0,1720.0,1680.0,1700.0,1883,3190756.1,1700.0,2042.0,1072.0,2022-02-03T14:59:58.136371,1700.0,45,1694.5,6677.75,240.9000000000001,240.9000000000001,0.0,871.5169810333325,-882.5313664745006,0.9875195535710329,49.686029593858756
68,2022-02-03,2771,SMB,Support Microfinance Bittiya Sanstha Ltd.,2033.0,2114.0,1990.1,1990.1,233,471991.0,1994.6,2900.0,1619.0,2022-02-03T14:23:25.730026,1990.1,16,2025.71,1707.51,290.0999999999999,290.0999999999999,0.0,788.4530989346036,-756.4489097100235,1.0423084610391582,51.03579997454525
69,2022-02-03,2776,RADHI,Radhi Bidyut Company Ltd,740.6,748.1,717.0,717.0,101001,74647789.0,726.1,1340.0,314.0,2022-02-03T14:59:56.288646,717.0,637,739.07,4634.72,-1273.1,0.0,-1273.1,675.811928272975,-830.2594936401358,0.8139767547974538,44.87250195707945
70,2022-02-03,2779,NICGF,NIC Asia Growth Fund,12.22,12.46,12.22,12.4,19746,245060.4,12.35,18.12,10.43,2022-02-03T14:51:21.229856,12.4,14,12.41,1035.65,-704.6,0.0,-704.6,579.2636836285046,-812.307452508113,0.7131089119519302,41.62659519057711
71,2022-02-03,2806,GHL,Ghalemdi Hydro Limited,363.1,370.0,350.1,350.1,95438,34372592.9,356.0,555.9,120.0,2022-02-03T14:59:53.687660,350.1,492,360.15,1925.55,337.70000000000005,337.70000000000005,0.0,544.7534574378302,-696.2597358093698,0.7823997704026062,43.89586350910934
72,2022-02-03,2832,ILBS,Infinity Laghubitta Bittiya Sanstha Limited,1395.0,1451.0,1395.0,1416.0,2503,3551441.6,1423.0,2140.0,1304.0,2022-02-03T14:59:18.085128,1416.0,61,1418.87,5869.58,1065.9,1065.9,0.0,619.2050503732605,-596.7912711948787,1.0375571498113663,50.9216219975681
73,2022-02-03,2908,SGI,Sanima General Insurance Limited,675.0,676.0,658.1,663.0,10430,6932271.4,671.0,900.0,474.0,2022-02-03T14:59:52.881926,663.0,298,664.64,6630.0,-753.0,0.0,-753.0,530.7450607432404,-619.1073400349018,0.8572747024987944,46.15766861764764
74,2022-02-03,2937,SBCF,Sunrise Bluechip Fund,9.08,9.39,9.08,9.18,22890,210891.7,9.24,11.29,8.18,2022-02-03T14:59:15.718763,9.18,34,9.21,1147.5,-653.82,0.0,-653.82,454.92277635325905,-624.0663935814775,0.7289653489310425,42.16194091927497
75,2022-02-03,8026,NYADI,Nyadi Hydropower Limited,509.0,530.2,503.0,530.0,56373,29323342.0,509.0,545.0,282.3,2022-02-03T14:59:55.864549,530.0,1690,520.16,7950.0,520.82,520.82,0.0,464.3368316164387,-534.9124779542625,0.868061319848556,46.4685666699062
76,2022-02-03,154,CHCL,Chilime Hydropower Company Limited,539.5,546.9,527.0,527.0,37925,20384015.3,534.0,785.0,462.0,2022-02-03T14:59:56.639694,527.0,295,537.48,35581.96,-3.0,0.0,-3.0,398.0019949002791,-458.9238314160311,0.8672506582894709,46.44532615047685
77,2022-02-03,178,NLICL,National Life Insurance Co. Ltd.,1148.0,1148.0,1115.0,1115.0,42862,48337928.7,1130.0,1411.0,780.0,2022-02-03T14:59:46.726987,1115.0,367,1127.75,37808.42,588.0,588.0,0.0,425.1449190560258,-393.3624338484504,1.0807969507831043,51.94149051287047
78,2022-02-03,180,UIC,United Insurance Co. (Nepal) Ltd.,743.0,743.0,721.0,728.0,26747,19478570.0,728.8,890.0,546.0,2022-02-03T14:59:58.359578,728.0,139,728.25,7485.0,-387.0,0.0,-387.0,364.40925549886913,-392.4535046238411,0.9285412187824598,48.14733591064613
79,2022-02-03,255,PRVU,Prabhu  Bank Limited,336.0,339.9,331.5,333.0,96481,32247252.1,334.0,525.0,285.0,2022-02-03T14:59:52.008691,333.0,466,334.23,42319.98,-395.0,0.0,-395.0,312.35029442235077,-392.81729314366754,0.7951541336753546,44.29447693426611
80,2022-02-03,360,AHPC,Arun Valley Hydropower Development Co. Ltd.,574.0,610.0,574.0,593.0,1384721,827035336.5,563.0,785.0,237.0,2022-02-03T14:59:59.853551,593.0,5721,597.25,10256.5,260.0,260.0,0.0,304.87161985771957,-336.70007869058986,0.9054694048286249,47.519493230071646
81,2022-02-03,418,JBBL,Jyoti Bikas Bank Limited,458.0,469.9,444.0,447.0,102236,46569618.1,454.0,649.9,215.0,2022-02-03T14:59:59.840055,447.0,695,455.51,19076.86,-146.0,0.0,-146.0,261.31822643345356,-309.45701960517584,0.8444411012775193,45.783034258596395
82,2022-02-03,686,BARUN,Barun Hydropower Co. Ltd.,575.0,577.0,555.0,555.0,42189,23936517.4,565.0,763.4,215.0,2022-02-03T14:59:47.082232,555.0,320,567.36,1486.89,108.0,108.0,0.0,239.41549124108943,-265.24860869734215,0.9026079059071364,47.4405631924874
83,2022-02-03,2753,NEF,Nabil Equity Fund,10.97,11.33,10.97,11.2,120429,1357271.55,11.0,17.49,9.83,2022-02-03T14:59:21.654119,11.2,31,11.27,1400.0,-543.8,0.0,-543.8,205.2131023089887,-305.04186924837956,0.6727374927731461,40.21775656249857
84,2022-02-03,2767,HPPL,Himalayan Power Partner Ltd.,530.0,540.0,517.0,517.1,82449,43589953.8,520.0,749.1,283.0,2022-02-03T14:59:57.635232,517.1,341,528.68,5509.27,505.90000000000003,505.90000000000003,0.0,248.16856276202049,-261.4642672589419,0.9491490572065284,48.69556043942709
85,2022-02-03,2774,USLB,Unnati Sahakarya Laghubitta Bittiya Sanstha Limited,1698.0,1698.0,1635.0,1636.0,344,569257.6,1665.0,2868.0,1442.0,2022-02-03T14:54:43.658253,1636.0,18,1654.81,3746.78,1118.9,1118.9,0.0,372.55923808174003,-224.11208794693394,1.662379042088778,62.43960817782555
86,2022-02-03,2781,WNLB,Wean Nepal Laghubitta Bittiya Sanstha Limited,1816.7,1959.2,1816.7,1959.2,2373,4643638.4,1781.1,1959.2,831.0,2022-02-03T14:27:45.727743,1959.2,105,1956.86,1419.37,323.20000000000005,323.20000000000005,0.0,365.5078955189869,-192.09597169427425,1.9027358684059354,65.54974185270396
87,2022-02-03,2786,PMHPL,Panchakanya Mai Hydropower Ltd,393.7,396.9,385.0,390.0,76830,30053667.1,386.0,484.0,133.0,2022-02-03T14:59:49.159080,390.0,472,391.17,4290.0,-1569.2,0.0,-1569.2,313.29233692402835,-388.8256647129461,0.8057398607042031,44.62103751699762
88,2022-02-03,2824,HURJA,Himalaya Urja Bikas Company Limited,550.0,554.8,530.0,554.8,38061,20790849.0,540.0,685.4,204.0,2022-02-03T14:59:52.608800,554.8,253,546.25,5492.52,164.79999999999995,164.79999999999995,0.0,292.07909545983745,-333.2790090141389,0.8763801126384362,46.70589433002095
89,2022-02-03,2843,SABSL,SABAIKO LAGHUBITTA BITTIYA SANSTHA LIMITED,1529.9,1560.0,1482.0,1482.0,1063,1613843.4,1505.0,2306.2,1041.0,2022-02-03T14:58:01.345608,1482.0,52,1518.19,4001.38,927.2,927.2,0.0,382.81083829832585,-285.66762490888635,1.3400567824947727,57.26599424934109
90,2022-02-03,2867,NMB50,NMB 50,13.13,13.46,13.08,13.45,219695,2945209.35,13.11,18.47,10.72,2022-02-03T14:58:51.838764,13.45,35,13.4,1681.25,-1468.55,0.0,-1468.55,328.12348008314694,-454.6511167571948,0.7217038911583283,41.918003140062616
91,2022-02-03,2896,SDLBSL,Sadhana Laghubitta Bittiya Sanstha Limited,1439.2,1439.2,1400.0,1403.1,3246,4580257.8,1411.0,2079.0,1026.0,2022-02-03T14:58:26.998188,1403.1,113,1411.04,4507.11,1389.6499999999999,1389.6499999999999,0.0,479.77035301403345,-389.7008598986433,1.231124696873433,55.17955579079281
92,2022-02-03,2935,RURU,Ru Ru Jalbidhyut Pariyojana Limited,1071.0,1105.0,1071.0,1088.0,8364,9168388.4,1066.0,1849.2,356.0,2022-02-03T14:59:51.896883,1088.0,194,1096.17,4879.42,-315.0999999999999,0.0,-315.0999999999999,411.2316431273717,-379.04358051118794,1.0849191604109851,52.036509664821864
93,2022-02-03,5982,SLI,Sanima Life Insurance Limited,560.0,598.0,560.0,577.0,54574,31737511.7,570.0,787.8,309.0,2022-02-03T14:59:57.011569,577.0,1796,581.55,11540.0,-511.0,0.0,-511.0,352.48420086449715,-397.89451833343514,0.8858734780787199,46.97417342022463
94,2022-02-03,8022,TPC,Terhathum Power Company Limited,613.0,663.0,613.0,635.0,26223,16538315.7,611.0,663.0,254.2,2022-02-03T14:59:59.837397,635.0,546,630.67,2540.0,58.0,58.0,0.0,310.4149896158269,-341.05239064944624,0.9101680507933744,47.64858518156781
95,2022-02-03,131,NABIL,Nabil Bank Limited,1141.5,1143.5,1121.0,1122.0,61153,68883392.7,1121.1,1740.0,1086.0,2022-02-03T14:59:52.239448,1122.0,926,1126.41,206153.86,487.0,487.0,0.0,335.64144007390894,-292.33058115037784,1.1481571266102042,53.448470430186745
96,2022-02-03,137,EBL,Everest Bank Limited,590.0,595.0,585.0,585.0,29116,17151039.5,585.0,864.0,515.0,2022-02-03T14:59:18.781875,585.0,162,589.05,55149.94,-537.0,0.0,-537.0,287.6926296795615,-327.2833795030854,0.879032201746283,46.78111428475533
97,2022-02-03,138,BOKL,Bank of Kathmandu Ltd.,300.0,305.0,292.0,292.2,27569,8125811.0,294.5,433.2,240.2,2022-02-03T14:59:30.862516,292.2,265,294.74,31043.31,-292.8,0.0,-292.8,246.59365816057738,-322.35717950396077,0.7649702685078479,43.34182179479849
98,2022-02-03,140,MBL,Machhapuchhre Bank Limited,330.0,335.0,325.0,325.0,87824,28866394.6,330.0,455.0,279.0,2022-02-03T14:59:58.951026,325.0,435,328.68,33335.76,32.80000000000001,32.80000000000001,0.0,216.0516914387505,-276.306130405221,0.7819286930836337,43.88103161022136
99,2022-02-03,181,EIC,Everest Insurance Co. Ltd.,740.0,754.8,730.5,738.0,22447,16679481.8,734.5,885.0,526.0,2022-02-03T14:59:59.779434,738.0,133,743.06,8735.0,413.0,413.0,0.0,244.18717637349724,-236.83380882914307,1.0310486394687806,50.76434997334434
100,2022-02-03,182,PIC,Premier Insurance Co. Ltd.,1020.0,1020.0,995.0,995.0,13642,13712512.2,1000.0,1399.0,817.0,2022-02-03T14:59:49.858679,995.0,135,1005.16,12215.46,257.0,257.0,0.0,246.01758043365606,-203.0003949072448,1.2119069056297487,54.79014069467397
101,2022-02-03,187,NLIC,Nepal Life Insurance Co. Ltd.,1680.1,1703.0,1624.0,1630.0,120203,198136578.2,1670.0,2470.0,1270.0,2022-02-03T14:59:58.952801,1630.0,1411,1648.34,117359.52,635.0,635.0,0.0,301.58651533808234,-174.00032919026572,1.733252556139154,63.41355292053412
102,2022-02-03,189,PICL,Prudential Insurance Co. Ltd.,766.0,774.9,754.0,754.0,20917,15973903.0,769.0,994.0,543.0,2022-02-03T14:59:56.973999,754.0,93,763.68,8358.44,-876.0,0.0,-876.0,258.50271558781793,-274.2860240198681,0.9424567529882351,48.51880236398464
103,2022-02-03,357,PCBL,Prime Commercial Bank Ltd.,362.0,367.5,357.6,359.0,43183,15597792.7,359.9,540.0,310.0,2022-02-03T14:59:55.592734,359.0,360,361.2,66976.2,-395.0,0.0,-395.0,221.57374751581065,-291.5308817950698,0.7600352530459015,43.18295623514308
104,2022-02-03,545,SLBBL,Swarojgar Laghu Bitta Bikas Bank Ltd.,1180.0,1192.0,1159.0,1159.0,6657,7776126.6,1175.0,1685.0,890.0,2022-02-03T14:58:17.577524,1159.0,79,1168.11,5958.41,800.0,800.0,0.0,304.2060859898329,-249.88360455504022,1.2173911390926306,54.90195742329855
105,2022-02-03,591,SHPC,Sanima Mai Hydropower Ltd.,463.0,469.0,453.0,455.0,214167,99004146.6,454.0,675.0,326.0,2022-02-03T14:59:58.729132,455.0,1064,462.27,14056.09,-704.0,0.0,-704.0,260.74806618165087,-314.75738656453905,0.8284096809533844,45.307662149405616
106,2022-02-03,634,RBCLPO,Rastriya Beema Company Limited Promoter Share,16707.0,16823.0,16200.0,16401.0,1080,17820969.0,16380.0,20185.0,11310.0,2022-02-03T14:59:54.640919,16401.0,32,16500.89,29133.03,15946.0,15946.0,0.0,2501.498674963871,-269.79203895398916,9.271951406210624,90.26475145321092
107,2022-02-03,2760,UMHL,United Modi Hydropower Ltd.,446.7,456.0,435.0,437.0,213694,95841647.5,442.0,646.6,152.0,2022-02-03T14:59:57.695742,437.0,1044,448.49,5025.5,-15964.0,0.0,-15964.0,2144.141675942468,-2511.8220328568314,0.8536200606154486,46.05151178241053
108,2022-02-03,2765,LEMF,Laxmi Equity Fund,10.51,10.72,10.51,10.65,40690,433728.9,10.72,19.34,9.16,2022-02-03T14:57:20.461229,10.65,18,10.65,1331.25,-426.35,0.0,-426.35,1837.8356888407923,-2213.897424252614,0.8301358810520428,45.359248438692106
109,2022-02-03,2789,JOSHI,Joshi Hydropower Development Company Ltd,341.7,349.8,333.2,334.0,132280,45437257.6,335.0,507.0,113.0,2022-02-03T14:59:58.363427,334.0,732,343.49,1240.48,323.35,323.35,0.0,1621.4805702162166,-1897.626334089035,0.8544783243612691,46.0764794679158
110,2022-02-03,2842,SJCL,SANJEN JALAVIDHYUT COMPANY LIMITED,431.0,434.0,415.0,417.0,37300,15782234.8,423.0,550.0,281.0,2022-02-03T14:59:54.981077,417.0,452,423.11,13698.45,83.0,83.0,0.0,1401.6976140089698,-1626.5368360759437,0.8617681339394664,46.28761864754776
111,2022-02-03,3946,CHDC,CEDB Hydropower Development Company Limited,1093.0,1130.0,1070.1,1122.0,66295,73318641.7,1090.0,1415.0,416.0,2022-02-03T14:59:57.307338,1122.0,1161,1105.94,9418.18,705.0,705.0,0.0,1302.169376602813,-1394.1744149686117,0.9340075119884694,48.29389266581287
112,2022-02-03,8025,SPC,Samling Power Company Limited,669.0,692.0,669.0,676.0,11682,7921640.0,679.0,745.0,296.3,2022-02-03T14:59:09.781847,676.0,360,678.1,3380.0,-446.0,0.0,-446.0,1116.1451689977373,-1258.7209191445102,0.8867296570842134,46.99823600878685
113,2022-02-03,135,SBI,Nepal SBI Bank Limited,400.0,401.0,391.0,398.0,41619,16509480.9,397.5,465.0,331.3,2022-02-03T14:59:55.203710,398.0,133,396.68,39106.89,-278.0,0.0,-278.0,956.695851097834,-1118.617923628095,0.8552480975764384,46.098853231202476
114,2022-02-03,145,SBL,Siddhartha Bank Limited,456.0,465.0,450.1,455.0,64627,29655334.4,456.0,605.0,370.0,2022-02-03T14:59:39.367018,455.0,328,458.86,56986.14,57.0,57.0,0.0,828.1678668124384,-958.8153562004505,0.863740720730907,46.34446793608566
115,2022-02-03,166,DDBL,Deprosc Laghubitta Bittiya Sanstha Limited,1318.0,1318.0,1288.0,1290.0,17049,22187288.5,1300.0,2420.0,1019.0,2022-02-03T14:59:51.542981,1290.0,243,1301.38,17898.73,835.0,835.0,0.0,829.1438858754043,-821.841728809847,1.0088851135316916,50.22114538735546
116,2022-02-03,176,NICL,Nepal Insurance Co. Ltd.,892.0,920.0,892.0,903.3,66976,61001787.1,892.0,1294.0,640.0,2022-02-03T14:59:43.809503,903.3,435,910.8,11222.04,-386.70000000000005,0.0,-386.70000000000005,710.6947555591457,-759.6786227194948,0.9355202770021397,48.334305153916276
117,2022-02-03,192,SICL,Shikhar Insurance Co. Ltd.,2005.0,2030.0,1980.0,1986.0,134452,268068044.7,1997.0,3021.0,1387.0,2022-02-03T14:59:57.967402,1986.0,2235,1993.78,34924.29,1082.7,1082.7,0.0,763.8383633548235,-651.1531022332258,1.1730549401287147,53.98183536304113
118,2022-02-03,204,GUFL,Gurkhas Finance Ltd.,803.1,816.0,775.0,778.0,63408,50139176.1,802.0,1500.0,380.0,2022-02-03T14:59:55.069411,778.0,641,790.73,6752.99,-1208.0,0.0,-1208.0,654.7185946146263,-730.7026609135883,0.8960123311937033,47.257726991131236
119,2022-02-03,210,CIT,Citizen Investment Trust,3484.0,3484.0,3400.0,3410.0,13731,47160274.5,3416.0,5029.0,2625.0,2022-02-03T14:59:11.052697,3410.0,270,3434.58,111507.01,2632.0,2632.0,0.0,937.1873724630727,-626.3165644092107,1.496347734866471,59.941478263103846
120,2022-02-03,213,BNT,Bottlers Nepal (Terai) Limited,14700.0,14785.0,14500.0,14500.0,360,5258834.0,14696.0,17670.0,8328.0,2022-02-03T14:59:58.134348,14500.0,31,14607.87,17545.0,11090.0,11090.0,0.0,2387.589201266058,-536.8427679594577,4.447464590686948,81.6428361607047
121,2022-02-03,245,CFCL,Central Finance Co. Ltd.,517.0,525.0,497.0,500.0,40108,20413249.7,507.0,814.9,183.0,2022-02-03T14:59:16.397556,500.0,338,508.95,4744.38,-14000.0,0.0,-14000.0,2046.5050246437424,-2460.150972231909,0.831861559612784,45.410721964634796
122,2022-02-03,268,SWBBL,Swabalamban Laghubitta Bittiya Sanstha Limited,1375.0,1382.0,1352.2,1352.2,5041,6904294.0,1360.0,2275.0,1097.0,2022-02-03T14:56:47.544174,1352.2,67,1369.62,15173.98,852.2,852.2,0.0,1875.8900189739127,-2108.7008289142996,0.8895951446748122,47.07861084327172
123,2022-02-03,273,ICFC,ICFC Finance Limited,743.0,760.0,730.0,732.0,135297,100834588.2,734.9,1176.8,283.0,2022-02-03T14:59:59.851347,732.0,788,745.28,8247.39,-620.2,0.0,-620.2,1607.905727655449,-1896.0578510590549,0.8480256690255222,45.88819750932857
124,2022-02-03,393,PLIC,Prime Life Insurance Company Limited,804.0,815.0,788.0,793.0,20473,16325841.8,804.0,1133.0,570.0,2022-02-03T14:59:39.222118,793.0,149,797.43,22042.35,61.0,61.0,0.0,1386.9191930879701,-1625.192441257994,0.8533876714405672,46.04474738829258
125,2022-02-03,459,KSBBL,Kamana Sewa Bikas Bank Limited,555.0,565.9,538.1,539.0,99985,55390046.2,549.0,866.9,284.0,2022-02-03T14:59:57.255739,539.0,744,553.98,16938.49,-254.0,0.0,-254.0,1188.7878782179093,-1429.30780523861,0.8317227918722881,45.406586387569384
126,2022-02-03,472,SADBL,Shangrila Development Bank Ltd.,436.0,443.0,426.0,427.0,96366,41826770.6,428.4,595.0,197.0,2022-02-03T14:59:57.924883,427.0,419,434.04,12855.56,-112.0,0.0,-112.0,1018.9610373177171,-1241.1209746391892,0.8210005778155051,45.08513549185072
127,2022-02-03,474,MNBBL,Muktinath Bikas Bank Ltd.,569.9,579.0,560.0,560.0,50855,28923842.9,567.9,850.0,377.0,2022-02-03T14:59:58.586065,560.0,371,568.75,31680.21,133.0,133.0,0.0,892.3951741060887,-1063.81797722878,0.8388607761928939,45.61850397013953
128,2022-02-03,605,CCBL,Century Commercial Bank Ltd.,262.0,262.0,255.2,256.5,83825,21618902.6,258.2,324.0,212.0,2022-02-03T14:59:25.458189,256.5,390,257.9,24505.78,-303.5,0.0,-303.5,764.9101485969109,-955.2011227963349,0.8007843901582209,44.46864347196292
129,2022-02-03,695,JSLBB,Janautthan Samudayic Laghubitta Bikas Bank Ltd.,2550.0,2560.0,2495.0,2495.0,1003,2511869.0,2510.0,5500.0,2061.1,2022-02-03T14:59:40.371449,2495.0,45,2504.35,3690.25,2238.5,2238.5,0.0,975.4229854130634,-818.7438189553992,1.1913653121162668,54.366348939133744
130,2022-02-03,2755,NIBLPF,NIBL Pragati Fund,10.67,10.93,10.67,10.83,33700,366465.96,10.8,20.68,9.3,2022-02-03T14:58:22.687911,10.83,18,10.87,812.25,-2484.17,0.0,-2484.17,836.0768441283232,-1056.66184569215,0.7912435255771575,44.17286171751608
131,2022-02-03,2757,AKPL,Arun Kabeli Power Ltd.,612.0,624.0,600.0,601.0,391839,239806786.7,600.0,882.4,300.0,2022-02-03T14:59:55.817367,601.0,2255,612.0,11149.82,590.17,590.17,0.0,800.9472948566168,-905.7101529755215,0.8843307014117837,46.93075906204908
132,2022-02-03,2761,SMATA,Samata Gharelu Laghubitta Bittiya Sanstha Limited,1235.0,1256.0,1215.0,1225.0,1245,1530483.4,1235.0,2048.0,550.0,2022-02-03T14:59:37.900945,1225.0,30,1229.3,4198.62,624.0,624.0,0.0,775.6691098089358,-776.3229879158317,0.9991577241469413,49.97893423207971
133,2022-02-03,2770,SEF,Siddhartha Equity Fund,11.3,11.56,11.29,11.42,44800,511441.32,11.4,17.04,10.01,2022-02-03T14:56:59.411376,11.42,26,11.41,1713.0,-1213.58,0.0,-1213.58,664.8592367229684,-838.7882755008059,0.792642501262918,44.21642913768366
134,2022-02-03,2788,AKJCL,Ankhu Khola Jalvidhyut Company Ltd,323.4,345.0,323.4,327.0,273319,91624805.7,330.0,502.0,132.0,2022-02-03T14:59:56.819471,327.0,1333,335.23,2616.0,315.58,315.58,0.0,614.962202806548,-718.9613787632958,0.8553480353344717,46.10175660009117
135,2022-02-03,2813,PPCL,Panchthar Power Compant Limited,556.9,570.0,543.0,544.0,55566,30861738.1,546.2,642.0,222.0,2022-02-03T14:59:55.675613,544.0,292,555.4,5236.0,217.0,217.0,0.0,558.1104594519281,-616.2526101941266,0.9056520819865038,47.52452404860951
136,2022-02-03,2826,GLBSL,Gurans Laghubitta Bittiya Sanstha Limited,1400.0,1400.0,1374.0,1375.0,1215,1678999.3,1400.0,2245.0,1017.0,2022-02-03T14:57:05.614943,1375.0,35,1381.89,1340.62,831.0,831.0,0.0,597.0946795869671,-528.2165228953972,1.130397580738325,53.06040482577749
137,2022-02-03,2881,NRIC,Nepal Reinsurance Company Limited,1260.0,1285.0,1248.0,1251.0,50477,64015778.4,1254.0,2010.0,1104.72,2022-02-03T14:59:58.038290,1251.0,629,1268.21,145741.5,-124.0,0.0,-124.0,511.7954395395521,-470.4713052668688,1.087835610397626,52.10350877148076
138,2022-02-03,8005,MKJC,Mailung Khola Jal Vidhyut Company Limited,610.0,638.0,610.0,638.0,39284,24625089.0,612.0,638.0,186.5,2022-02-03T14:59:57.814094,638.0,616,626.84,2348.75,-613.0,0.0,-613.0,438.6818052414302,-490.8325473933756,0.8937504400861391,47.19473174329591
139,2022-02-03,8024,NBF3,Nabil Balanced Fund-3,9.7,9.87,9.65,9.7,25733,249266.11,9.7,10.08,9.13,2022-02-03T14:58:58.765405,9.7,50,9.68,1212.5,-628.3,0.0,-628.3,376.0129758637832,-510.47075492660815,0.7366004266352999,42.41622974045209
140,2022-02-03,133,SCB,Standard Chartered Bank Limited,506.0,515.0,501.0,508.1,16760,8566813.6,506.0,678.0,434.0,2022-02-03T14:59:17.363142,508.1,168,511.14,47911.05,498.40000000000003,498.40000000000003,0.0,393.49683646840776,-437.5463613083701,0.8993260400835159,47.34974517824077
141,2022-02-03,188,LICN,Life Insurance Co. Nepal,2400.0,2400.0,2326.0,2377.0,20975,49201626.4,2356.0,2800.0,1700.0,2022-02-03T14:59:50.165387,2377.0,210,2345.72,52555.47,1868.9,1868.9,0.0,604.2687171148601,-375.03973822222366,1.6112125077178103,61.703614813257914
142,2022-02-03,219,UNL,Unilever Nepal Limited,19100.0,19100.0,19002.0,19002.0,20,381020.0,19050.0,23180.0,18050.0,2022-02-03T13:41:17.379256,19002.0,2,19051.0,17495.14,16625.0,16625.0,0.0,2892.9446159909535,-321.46263273098015,8.999318494389202,89.99931844794105
143,2022-02-03,232,GFCL,Goodwill Finance Co. Ltd.,728.9,728.9,700.0,701.0,26675,19059139.6,720.5,1010.0,239.0,2022-02-03T14:59:43.909223,701.0,208,714.49,6632.27,-18301.0,0.0,-18301.0,2479.6668135020573,-2889.967972183066,0.8580257073329883,46.17943142264695
144,2022-02-03,238,NMB,NMB Bank Limited,353.0,354.0,345.0,347.0,55570,19362552.5,347.5,517.0,326.0,2022-02-03T14:59:59.370761,347.0,406,348.43,63732.47,-354.0,0.0,-354.0,2125.428697137252,-2527.6868331461346,0.8408591876438253,45.67753977533002
145,2022-02-03,341,GBIME,Global IME Bank Limited,370.0,370.0,361.1,363.0,102527,37493150.8,366.0,522.0,275.0,2022-02-03T14:59:48.243815,363.0,718,365.69,86378.59,16.0,16.0,0.0,1824.0817402938198,-2166.588713994,0.8419141706554977,45.708653750998536
146,2022-02-03,385,ALICL,Asian Life Insurance Co. Limited,1026.0,1031.0,1000.0,1002.0,21071,21462245.8,1025.0,1565.0,978.0,2022-02-03T14:59:46.395798,1002.0,288,1018.56,25184.79,639.0,639.0,0.0,1654.7843487705263,-1857.0760404698508,0.8910697853556155,47.11987850771197
147,2022-02-03,502,SMFDB,Summit Laghubitta Bittiya Sanstha Limited,1301.0,1326.0,1226.5,1241.0,2995,3758011.5,1276.0,1938.0,1100.0,2022-02-03T14:57:57.306529,1241.0,53,1254.76,6130.54,239.0,239.0,0.0,1452.5294417492942,-1591.7794631890222,0.9125192750252287,47.71294527283608
148,2022-02-03,532,CBL,Civil Bank Ltd,264.0,264.0,259.1,259.6,99853,26136137.7,261.2,316.0,214.0,2022-02-03T14:59:50.327968,259.6,370,261.74,23560.89,-981.4,0.0,-981.4,1245.0252357376098,-1504.5823969992016,0.8274889020506535,45.28010545629664
149,2022-02-03,705,GILB,Global IME Laghubitta Bittiya Sanstha Ltd.,1776.0,1776.0,1740.5,1765.0,4184,7342765.7,1741.5,3191.0,1390.0,2022-02-03T14:58:48.777411,1765.0,75,1754.96,9753.2,1505.4,1505.4,0.0,1282.221630639535,-1289.6420545285714,0.9942461368540367,49.855738390571986
150,2022-02-03,2743,NGPL,Ngadi Group Power Ltd.,740.0,753.5,720.0,725.0,129155,95145141.5,728.0,1397.0,217.0,2022-02-03T14:59:59.293375,725.0,675,736.67,5125.26,-1040.0,0.0,-1040.0,1099.0471119459385,-1253.9789038756348,0.8764478481648668,46.707818126787664
151,2022-02-03,2769,NHDL,Nepal Hydro Developers Ltd.,532.4,552.8,530.0,532.0,93142,50543950.0,522.0,840.0,244.0,2022-02-03T14:59:52.918288,532.0,612,542.65,1702.03,-193.0,0.0,-193.0,942.0403816453145,-1102.4104890144094,0.8545277743933015,46.07791731093677
152,2022-02-03,2804,SLBSL,Samudayik Laghubitta Bittiya Sanstha Limited,1340.0,1400.0,1340.0,1391.0,4642,6444261.0,1350.0,1785.0,951.6,2022-02-03T14:59:47.838378,1391.0,77,1388.25,1836.12,859.0,859.0,0.0,930.1774699802323,-944.9232762786063,0.9843947051908305,49.60679962589225
153,2022-02-03,2863,NICBF,NIC Asia Balanced Fund,11.5,11.65,11.31,11.58,14600,167658.0,11.5,17.0,9.92,2022-02-03T14:59:24.711746,11.58,16,11.48,874.29,-1379.42,0.0,-1379.42,797.2949742546973,-1006.9942368168078,0.7917572366402144,44.18886780247449
154,2022-02-03,2898,NRN,NRN Infrastructure and Development Limited,785.0,812.0,770.0,790.0,101519,81165919.7,782.0,990.0,368.0,2022-02-03T14:59:50.774447,790.0,813,799.51,9663.37,778.42,778.42,0.0,794.5985493609244,-863.1379172584905,0.9205927969017261,47.93274234844647
155,2022-02-03,2914,UMRH,United IDI Mardi RB Hydropower Limited.,655.0,673.0,649.0,660.0,44861,29620837.1,645.0,811.0,220.0,2022-02-03T14:59:48.987232,660.0,334,660.28,2772.0,-130.0,0.0,-130.0,681.0844708719599,-758.4039290705568,0.8980497657846341,47.314342435768
156,2022-02-03,2929,JLI,Jyoti Life Insurance Ltd,735.0,735.0,720.0,722.0,39578,28660754.8,726.0,998.0,360.0,2022-02-03T14:59:59.962984,722.0,1183,724.15,15884.0,62.0,62.0,0.0,592.6438321700671,-650.0605106246801,0.9116748710063344,47.689849609542385
157,2022-02-03,4967,NICSF,NIC Asia Select Fund 30,9.11,9.25,9.07,9.07,81275,742373.9,9.25,10.1,8.75,2022-02-03T14:57:47.612449,9.07,77,9.13,1133.75,-712.93,0.0,-712.93,507.9804275695033,-659.0418662502393,0.7707862786620331,43.52791118555663
158,2022-02-03,8018,MLBS,Manushi Laghubitta Bittiya Sanstha Limited,1535.0,1561.0,1520.0,1520.0,2875,4417967.0,1560.0,2189.1,397.5,2022-02-03T14:59:47.475184,1520.0,129,1536.68,1662.5,1510.93,1510.93,0.0,651.2589379237377,-564.8930282098776,1.152888963752217,53.55078609083839
159,2022-02-03,156,BBC,Bishal Bazar Company Limited,5200.0,5285.0,5130.0,5130.0,513,2680110.0,5180.0,8208.0,2880.0,2022-02-03T14:58:54.667420,5130.0,27,5224.38,2520.88,3610.0,3610.0,0.0,1073.936232523813,-484.19402417650576,2.217987374689956,68.92467609210719
160,2022-02-03,164,CBBL,Chhimek Laghubitta Bikas Bank Limited,1380.0,1400.0,1360.0,1360.0,17156,23518694.8,1360.0,2065.2,1240.0,2022-02-03T14:59:56.868417,1360.0,286,1370.87,31607.76,-3770.0,0.0,-3770.0,920.5167707291739,-953.5948778824746,0.9653122013126234,49.11749902472979
161,2022-02-03,244,SIFC,Shree Investment Finance Co. Ltd.,499.6,508.0,476.0,478.0,34430,16760325.5,490.0,741.0,211.0,2022-02-03T14:59:53.778267,478.0,203,486.79,4582.47,-882.0,0.0,-882.0,789.0143749066627,-943.3670381846626,0.8363811146348473,45.54507275038909
162,2022-02-03,396,NLBBL,Nerude Laghubita Bikas Bank Limited,1244.0,1290.0,1242.0,1242.0,14704,18522525.0,1220.0,1885.0,901.8,2022-02-03T14:59:56.816797,1242.0,180,1259.69,7452.0,764.0,764.0,0.0,785.4408927770451,-808.6003184404321,0.9713586241122744,49.27356251832101
163,2022-02-03,693,CLBSL,Civil Laghubitta Bittiya Sanstha Ltd.,1113.0,1140.0,1106.0,1120.0,5054,5683039.5,1106.0,1811.0,867.0,2022-02-03T14:59:59.964499,1120.0,76,1124.46,3226.99,-122.0,0.0,-122.0,673.2350509492092,-710.5145586610039,0.9475316765049127,48.65295327084876
164,2022-02-03,2748,RSDC,RSDC Laghubitta Bittiya Sanstha Ltd.,800.0,800.0,777.0,778.0,12800,10064971.4,785.0,1194.4,584.0,2022-02-03T14:59:48.187027,778.0,157,786.32,6264.11,-342.0,0.0,-342.0,577.0586150974533,-657.8696217084089,0.8771625806324678,46.72810920495376
165,2022-02-03,2759,SPDL,Synergy Power Development Ltd.,513.0,525.3,509.0,520.0,330339,171484344.0,503.1,823.9,245.0,2022-02-03T14:59:55.352549,520.0,1301,519.11,4194.19,-258.0,0.0,-258.0,494.6216700821584,-600.7453900348277,0.8233465928943428,45.155791888550354
166,2022-02-03,2877,SFMF,Sunrise First Mutual Fund,12.3,12.3,12.12,12.15,67515,820121.1,12.45,20.0,10.21,2022-02-03T14:56:17.459447,12.15,19,12.14,1044.9,-507.85,0.0,-507.85,423.9614314979841,-587.4746200296629,0.7216676551517703,41.91678068600023
167,2022-02-03,2887,NICLBSL,NIC ASIA Laghubitta Bittiya Sanstha Limited,1245.0,1250.0,1221.0,1228.0,9833,12164390.8,1240.0,2037.0,759.0,2022-02-03T14:59:40.265626,1228.0,365,1237.09,21360.32,1215.85,1215.85,0.0,537.0883698567992,-503.5496743101127,1.066604542228403,51.61144865569162
168,2022-02-03,2903,LEC,Liberty Energy Company Limited,432.0,443.0,425.0,426.4,94701,41059545.0,424.1,530.0,227.0,2022-02-03T14:59:58.546511,426.4,565,433.57,6396.0,-801.6,0.0,-801.6,460.3614598764517,-546.1282922662575,0.8429547899195976,45.7393092077084
169,2022-02-03,2905,GIC,General Insurance Company Nepal Ltd,664.0,678.7,664.0,665.3,9504,6355879.5,673.8,860.0,485.1,2022-02-03T14:58:58.658391,665.3,267,668.75,6653.0,238.89999999999998,238.89999999999998,0.0,428.7241084652456,-468.10996479894794,0.9158619570283695,47.804172616326326
170,2022-02-03,2913,MEN,Mountain Energy Nepal Limited,1251.0,1255.0,1230.0,1235.0,6386,7951585.0,1251.0,1530.0,600.0,2022-02-03T14:59:20.570391,1235.0,168,1245.15,24305.13,569.7,569.7,0.0,448.8635215417943,-401.23711268429724,1.1186989123186384,52.801221816570866
172,2022-02-03,2924,GLH,GreenLife Hydropower Limited,498.0,524.0,498.0,510.5,54463,28112732.1,501.0,657.0,299.0,2022-02-03T14:59:56.327688,510.5,831,516.18,9189.0,-724.5,0.0,-724.5,384.74016132111444,-447.4175251582741,0.8599130335473839,46.234045250346185
173,2022-02-03,2933,KEF,Kumari Equity Fund,9.12,9.3,9.12,9.25,19140,176674.2,9.25,11.65,8.67,2022-02-03T14:55:43.812222,9.25,60,9.23,925.0,-501.25,0.0,-501.25,329.77728113207263,-455.1078787071356,0.7246134302682246,42.015991383966394
174,2022-02-03,4949,NIBSF2,NIBL Samriddhi Fund -2,9.37,9.42,9.19,9.42,23860,222171.2,9.37,11.53,8.56,2022-02-03T14:47:20.384093,9.42,35,9.31,1413.0,0.16999999999999993,0.16999999999999993,0.0,282.6905266844052,-390.0924674629436,0.7246756865697722,42.01808445569777
175,2022-02-03,4956,ULI,Union Life Insurance Company Limited,715.0,734.0,713.0,720.0,108631,78811902.5,712.0,940.1,342.0,2022-02-03T14:59:53.444519,720.0,2451,725.5,15480.0,710.58,710.58,0.0,343.817594301173,-334.3649721108627,1.0282703721344835,50.696908373826226
176,2022-02-03,163,NUBL,Nirdhan Utthan Laghubitta Bittiya Sanstha Limited,1285.0,1310.0,1260.0,1270.0,29445,38201778.5,1279.0,1919.0,1166.0,2022-02-03T14:59:16.346713,1270.0,331,1297.39,27876.82,550.0,550.0,0.0,373.27222368682476,-286.5985475234263,1.3024218961064826,56.56747350730755
177,2022-02-03,171,SANIMA,Sanima Bank Limited,376.0,376.3,368.0,369.0,66693,24779701.5,369.0,564.9,319.0,2022-02-03T14:59:44.932272,369.0,501,371.54,41798.02,-901.0,0.0,-901.0,319.9476203028297,-374.3701835917764,0.854629012474213,46.08086073958663
178,2022-02-03,177,RBCL,Rastriya Beema Company Limited,18666.0,19039.0,18549.0,18700.0,1304,24381081.0,18300.0,24370.0,13907.0,2022-02-03T14:58:51.537018,18700.0,77,18697.14,49861.03,18331.0,18331.0,0.0,2892.95510312345,-320.8887287928111,9.015446301298262,90.0154224792721
179,2022-02-03,179,HGI,Himalayan General Insurance Co. Ltd,782.0,787.0,762.6,774.9,40200,31023642.6,782.0,982.0,557.0,2022-02-03T14:59:52.614246,774.9,114,771.73,8526.51,-17925.1,0.0,-17925.1,2479.675802676315,-2835.7760532566267,0.8744258206950568,46.650329452397884
180,2022-02-03,186,IGI,IME General Insurance Ltd.,1179.9,1190.0,1158.0,1160.0,55325,64849510.8,1170.0,1465.0,865.0,2022-02-03T14:59:59.559482,1160.0,366,1172.15,13428.0,385.1,385.1,0.0,2180.450688007694,-2430.665188504901,0.8970592487683944,47.286833521450724
181,2022-02-03,194,NFS,Nepal Finance Ltd.,735.0,760.0,722.0,744.6,64924,47616594.6,735.0,806.0,288.0,2022-02-03T14:59:42.132286,744.6,335,733.42,3674.57,-415.4,0.0,-415.4,1868.95773257751,-2142.7701615751544,0.8722156795405605,46.58735043574686
182,2022-02-03,256,SFCL,Samriddhi Finance Company Limited,418.2,434.0,408.0,408.1,28581,11888732.5,410.0,720.0,161.0,2022-02-03T14:59:51.780842,408.1,251,415.96,3341.98,-336.5,0.0,-336.5,1601.9637707803454,-1884.7315670640533,0.8499691939026679,45.94504582584888
183,2022-02-03,307,NTC,Nepal Doorsanchar Comapany Limited,1575.0,1600.0,1516.0,1560.0,104116,161909543.8,1568.0,1600.0,972.0,2022-02-03T14:59:59.337509,1560.0,792,1555.08,234000.0,1151.9,1151.9,0.0,1537.668946383075,-1615.484200340291,0.9518316217881768,48.7660723990194
184,2022-02-03,358,LBBL,Lumbini Bikas Bank Ltd.,549.8,555.0,532.1,538.0,122911,67170910.2,539.1,774.0,233.0,2022-02-03T14:59:52.087505,538.0,631,546.5,17669.49,-1022.0,0.0,-1022.0,1318.0019540424078,-1530.7007431487327,0.8610448253465977,46.26674294028561
185,2022-02-03,397,ADBL,Agriculture Development Bank Limited,425.0,425.0,420.0,420.6,47402,20034413.9,423.0,620.0,398.0,2022-02-03T14:59:55.628911,420.6,437,422.64,55468.37,-117.39999999999998,0.0,-117.39999999999998,1129.7159606076104,-1328.8006369844484,0.8501771666601271,45.951121977947444
186,2022-02-03,401,MLBL,Mahalaxmi Bikas Bank Ltd.,552.0,554.8,533.0,538.0,146006,79545856.2,542.0,883.0,258.0,2022-02-03T14:59:55.866527,538.0,780,544.81,21578.55,117.39999999999998,117.39999999999998,0.0,985.0993948064129,-1138.9719745579537,0.8649022248231698,46.37788583823368
187,2022-02-03,403,SLICL,Surya Life Insurance Company Limited,825.0,829.0,813.0,814.0,18548,15189271.4,817.0,1091.0,617.4,2022-02-03T14:59:35.793501,814.0,139,818.91,20759.3,276.0,276.0,0.0,883.7994812625734,-976.2616924781396,0.9052895223402033,47.5145384323673
188,2022-02-03,473,SHINE,Shine Resunga Development Bank Ltd.,459.0,459.9,444.0,444.0,84026,38052865.2,450.8,655.0,251.0,2022-02-03T14:59:59.945124,444.0,488,452.87,16787.68,-370.0,0.0,-370.0,757.5424125107065,-889.6528792669283,0.851503356157201,45.989835952795566
189,2022-02-03,516,MFIL,Manjushree Finance Ltd.,745.0,760.0,720.0,726.0,27877,20400867.4,732.0,1456.0,424.0,2022-02-03T14:59:58.323047,726.0,347,731.81,9812.27,282.0,282.0,0.0,689.6077821520015,-762.5596108001632,0.9043329496934509,47.48817426275303
190,2022-02-03,562,MEGA,Mega  Bank Nepal Ltd.,298.0,299.8,293.0,296.0,122235,36287134.3,295.0,405.0,251.2,2022-02-03T14:59:59.705382,296.0,645,296.86,47716.57,-430.0,0.0,-430.0,591.0923847016751,-715.0510949715489,0.8266435627585383,45.25478202820083
191,2022-02-03,574,SKBBL,Sana Kisan Bikas Bank Ltd,1399.0,1425.0,1381.0,1381.1,8971,12560178.5,1399.0,2184.0,1145.0,2022-02-03T14:59:46.131462,1381.1,104,1400.08,21606.12,1085.1,1085.1,0.0,661.6649011728892,-612.9009385470058,1.0795625517257117,51.9129636581426
192,2022-02-03,2744,GRDBL,Green Development Bank Ltd.,396.0,396.0,379.1,388.0,26775,10365899.5,389.0,537.9,162.0,2022-02-03T14:59:51.642267,388.0,183,387.14,2013.72,-993.0999999999999,0.0,-993.0999999999999,567.1413438624479,-667.2150901831643,0.850012765308944,45.94631892537215
193,2022-02-03,2766,CHL,Chhyangdi Hydropower Ltd.,509.6,542.2,509.6,513.0,67245,35341004.4,520.0,715.0,168.0,2022-02-03T14:59:46.347068,513.0,571,525.55,1963.38,125.0,125.0,0.0,503.9782947392247,-571.8986487284019,0.8812370790870097,46.843488727889955
194,2022-02-03,2780,CMF1,Citizens Mutual Fund -1,10.0,10.33,10.0,10.13,15900,162639.5,9.94,16.01,9.03,2022-02-03T14:52:40.024137,10.13,18,10.22,830.66,-502.87,0.0,-502.87,431.981395490748,-562.0374131957708,0.7685990031063622,43.45807058334858
195,2022-02-03,2792,UPPER,Upper Tamakoshi Hydropower Ltd,781.3,781.3,747.0,750.9,311026,238302173.2,766.0,962.5,471.0,2022-02-03T14:59:58.816713,750.9,2148,766.18,79520.31,740.77,740.77,0.0,476.0940532777924,-481.7463541677883,0.9882670603708871,49.70494558143199
196,2022-02-03,2807,ALBSL,Asha Laghubitta Bittiya Sanstha Ltd,1652.4,1652.4,1591.0,1620.0,4138,6652546.3,1620.0,2101.2,1176.0,2022-02-03T14:56:34.036931,1620.0,93,1607.67,5409.41,869.1,869.1,0.0,532.2377599524026,-412.9254464295216,1.2889439596289092,56.311730752808685
197,2022-02-03,2810,UPCL,UNIVERSAL POWER COMPANY LTD,425.1,434.9,416.0,418.0,196356,83792618.8,419.0,635.0,132.0,2022-02-03T14:59:59.368548,418.0,1000,426.73,8779.46,-1202.0,0.0,-1202.0,456.2037942449059,-525.6503826538915,0.8678844519081956,46.46349783690213
198,2022-02-03,2831,UNHPL,Union Hydropower Limited,411.0,423.0,406.3,408.0,93603,39070563.4,409.0,612.0,113.0,2022-02-03T14:59:54.498951,408.0,675,417.4,3060.0,-10.0,0.0,-10.0,391.031823638483,-451.98604227475533,0.8651413695664097,46.38476115982188
199,2022-02-03,2859,SIGS2,Siddhartha Investment Growth Scheme - 2,11.5,11.73,11.5,11.61,235480,2760527.9,11.5,16.87,10.15,2022-02-03T14:43:58.559099,11.61,16,11.72,1393.2,-396.39,0.0,-396.39,335.17013454726543,-444.04375052121804,0.7548133132238504,43.01388116535013
200,2022-02-03,2893,AIL,Ajod Insurance Limited,775.0,775.0,759.9,760.0,12329,9443107.9,768.0,1125.0,588.8,2022-02-03T14:59:53.925210,760.0,239,765.92,7600.0,748.39,748.39,0.0,394.2015438976613,-380.60892901818136,1.0357128113482346,50.87715740523788
201,2022-02-03,2919,NIFRA,Nepal Infrastructure Bank Limited,383.0,392.0,376.0,376.5,479810,184807759.7,376.0,726.0,268.5,2022-02-03T14:59:59.224846,376.5,3601,385.16,81324.0,-383.5,0.0,-383.5,337.8870376265626,-381.02193915844117,0.886791554241863,46.99997475864191
202,2022-02-03,2923,SLCF,Sanima Large Cap Fund,9.2,9.3,9.2,9.21,19450,179891.0,9.27,11.4,8.78,2022-02-03T14:56:27.794948,9.21,32,9.24,1105.2,-367.29,0.0,-367.29,289.6174608227648,-379.060233564378,0.7640407385903681,43.31196677469634
203,2022-02-03,8021,SAHAS,Sahas Urja Limited,673.2,726.0,673.2,700.0,243194,171135531.8,660.0,789.4,405.3,2022-02-03T14:59:57.244720,700.0,5418,703.69,24500.0,690.79,690.79,0.0,346.9278235623731,-324.9087716266067,1.0677699522408437,51.638720791145104
204,2022-02-03,141,LBL,Laxmi Bank Limited,304.0,304.0,295.3,297.0,31689,9477586.4,300.0,447.0,245.0,2022-02-03T14:59:49.888503,297.0,177,299.08,34307.49,-403.0,0.0,-403.0,297.3667059106032,-336.06466139423486,0.8848496735030542,46.94537107877321
205,2022-02-03,147,SHL,Soaltee Hotel Limited,226.1,228.0,223.2,224.0,22385,5060777.6,226.1,321.0,182.0,2022-02-03T14:59:34.496904,224.0,92,226.07,18873.79,-73.0,0.0,-73.0,254.88574792337243,-298.48399548077117,0.8539343877142405,46.060658531021495
206,2022-02-03,153,BPCL,Butwal Power Company Limited,463.0,473.0,460.0,460.7,54529,25331192.7,454.0,703.0,383.0,2022-02-03T14:59:51.223745,460.7,505,464.54,14956.61,236.7,236.7,0.0,252.28778393431915,-255.8434246978024,0.9861022781113757,49.650125725100125
207,2022-02-03,172,NABBC,Narayani Development Bank Limited,591.6,592.0,565.0,567.1,12124,6929421.6,580.0,1251.1,442.0,2022-02-03T14:57:58.786147,567.1,98,571.54,1488.45,106.40000000000003,106.40000000000003,0.0,231.44667194370152,-219.2943640266867,1.0554155049581482,51.34803656059986
208,2022-02-03,184,PRIN,Prabhu Insurance Ltd.,891.0,898.0,873.0,873.0,28383,25104771.2,889.9,1162.0,653.9,2022-02-03T14:59:56.636545,873.0,161,884.5,10143.41,305.9,305.9,0.0,242.0828616660301,-187.96659773715925,1.2879036200066976,56.29186512685912
209,2022-02-03,235,HDL,Himalayan Distillery Limited,4851.0,4860.0,4725.0,4732.0,14231,67838369.3,4765.0,7938.0,3879.0,2022-02-03T14:59:44.063018,4732.0,494,4766.94,71854.44,3859.0,3859.0,0.0,758.7853099994655,-161.11422663185022,4.709610851022534,82.48567150910276
210,2022-02-03,263,GMFIL,Guheshowori Merchant Bank & Finance Co. Ltd.,510.0,511.0,485.5,500.0,27908,13933189.9,500.0,773.0,205.0,2022-02-03T14:59:58.902912,500.0,161,499.25,4752.0,-4232.0,0.0,-4232.0,650.3874085709684,-742.6693371130251,0.8757429128543481,46.68779004057203
211,2022-02-03,274,EDBL,Excel Development Bank Ltd.,584.0,590.5,562.7,563.6,17597,10065367.2,579.0,1195.0,383.0,2022-02-03T14:59:55.822711,563.6,178,571.99,6491.5,63.60000000000002,63.60000000000002,0.0,566.5606359179716,-636.5737175254485,0.8900157520174747,47.09038805985813
212,2022-02-03,559,NLG,NLG Insurance Company Ltd.,974.0,974.0,942.3,947.0,11719,11170878.3,955.0,1422.0,710.0,2022-02-03T14:59:51.875272,947.0,106,953.22,11420.94,383.4,383.4,0.0,540.3948307868325,-545.6346150218118,0.9903968991505976,49.75876417277628
213,2022-02-03,561,SINDU,Sindhu Bikash Bank Ltd,442.0,450.0,430.0,430.0,54921,24197844.6,434.0,618.0,177.0,2022-02-03T14:59:33.624518,430.0,296,440.59,2397.06,-517.0,0.0,-517.0,463.1955692458555,-541.5439557329815,0.8553240495850771,46.10105980011206
214,2022-02-03,583,GBLBS,Grameen Bikas Laghubitta Bittiya Sanstha Ltd.,1095.0,1120.0,1070.5,1070.5,25859,28036633.6,1100.0,1437.0,800.0,2022-02-03T14:59:50.470017,1070.5,221,1084.21,10517.66,640.5,640.5,0.0,488.52477363930495,-464.180533485412,1.0524456292277022,51.27763747991309
215,2022-02-03,587,RLFL,Reliance Finance Ltd.,530.0,530.0,510.7,511.0,43329,22522933.9,520.0,814.0,210.0,2022-02-03T14:59:27.983200,511.0,267,519.81,5380.86,-559.5,0.0,-559.5,418.7355202622608,-477.79760013035326,0.8763868218425981,46.70608488829572
216,2022-02-03,682,MMFDB,Mirmire Microfinance Development Bank Ltd.,1446.0,1446.0,1402.0,1415.0,7136,10156739.5,1418.0,2095.0,1318.2,2022-02-03T14:59:54.794786,1415.0,74,1423.3,7387.51,904.0,904.0,0.0,488.05901736765264,-409.54080011173085,1.1917225761987584,54.37378750122826
217,2022-02-03,697,API,Api Power Company Ltd.,562.0,575.0,553.0,557.0,928168,525018722.0,551.0,670.0,276.0,2022-02-03T14:59:58.548362,557.0,3924,565.65,15367.16,-858.0,0.0,-858.0,418.3363006008447,-473.6064000957697,0.8832995088669651,46.901701227457856
218,2022-02-03,2742,HIDCL,Hydorelectricity Investment and Development Company Ltd,360.0,366.0,350.0,350.0,681834,243735136.7,358.5,606.0,244.1,2022-02-03T14:59:57.075251,350.0,3470,357.46,83160.0,-207.0,0.0,-207.0,358.57397194358083,-435.51977151065955,0.8233242102874417,45.155118636725994
219,2022-02-03,2754,DHPL,Dibyashwori Hydropower Ltd.,331.5,338.1,323.0,323.0,58306,19282580.0,325.0,485.2,110.0,2022-02-03T14:59:31.903303,323.0,365,330.71,852.72,-27.0,0.0,-27.0,307.3491188087833,-377.1598041519937,0.8149042273999141,44.900673826043715
220,2022-02-03,2773,SAEF,Sanima Equity Fund,14.2,14.34,14.0,14.07,252848,3612739.0,13.94,20.19,11.99,2022-02-03T14:59:16.345731,14.07,34,14.28,1829.1,-308.93,0.0,-308.93,263.4421018360998,-367.41268927313735,0.7170196063649151,41.75954681629467
221,2022-02-03,2815,GMFBS,Ganapati Laghubitta Bittiya Sanstha Limited,1363.1,1380.0,1353.0,1365.0,892,1219440.2,1390.0,1996.0,1160.0,2022-02-03T14:36:35.845162,1365.0,24,1367.08,2068.72,1350.93,1350.93,0.0,418.79751585951465,-314.9251622341175,1.3298318650961833,57.07844780641643
222,2022-02-03,2915,PLI,Prabhu Life Insurance Limited,643.0,655.7,633.0,639.9,15271,9859323.4,643.0,950.0,477.0,2022-02-03T14:59:59.000883,639.9,616,645.62,12798.0,-725.1,0.0,-725.1,358.96929930815526,-373.5215676292438,0.961040353269418,49.006658719040914
223,2022-02-03,4968,RMF1,RBB Mutual Fund 1,9.1,9.2,9.1,9.16,11570,105967.0,9.16,10.3,8.8,2022-02-03T14:39:57.093594,9.16,23,9.15,1145.0,-630.74,0.0,-630.74,307.68797083556154,-410.2670579679233,0.7499699643436109,42.85616208418263
224,2022-02-03,8031,MBJC,Madhya Bhotekoshi Jalavidyut Company Limited,455.0,466.0,451.0,451.0,74742,34322809.8,455.0,505.0,100.0,2022-02-03T14:59:56.937403,451.0,3896,459.21,27060.0,441.84,441.84,0.0,326.85254643048137,-351.6574782582198,0.9294628058228743,48.172102774817596
