S.N,BUSINESS_DATE,SECURITY_ID,SYMBOL,SECURITY_NAME,OPEN_PRICE,HIGH_PRICE,LOW_PRICE,CLOSE_PRICE,TOTAL_TRADED_QUANTITY,TOTAL_TRADED_VALUE,PREVIOUS_DAY_CLOSE_PRICE,FIFTY_TWO_WEEKS_HIGH,FIFTY_TWO_WEEKS_LOW,LAST_UPDATED_TIME,LAST_UPDATED_PRICE,TOTAL_TRADES,AVERAGE_TRADED_PRICE,MARKET_CAPITALIZATION
1,2022-02-03,139,NICA,NIC Asia Bank Ltd.,870.0000,877.0000,860.0000,860.4000,150826,130653042.5000,870.0000,1085.0000,701.0000,2022-02-03T14:59:51.124434,860.4000,899,866.25,99496.70
2,2022-02-03,250,JFL,Janaki Finance Ltd.,705.0000,710.0000,690.9000,692.0000,47288,32998245.8000,692.1000,836.0000,244.0000,2022-02-03T14:59:56.903676,692.0000,347,697.81,4154.85
3,2022-02-03,338,PROFL,ProgressiveFinance Limited,411.0000,414.0000,395.0000,399.0000,35097,14220282.6000,406.0000,574.0000,152.0000,2022-02-03T14:59:32.575852,399.0000,274,405.17,3415.87
4,2022-02-03,490,FMDBL,First Micro Finance Development Bank Ltd.,900.0000,907.8000,880.0000,882.0000,18702,16734227.5000,899.0000,1365.0000,667.0000,2022-02-03T14:59:58.793621,882.0000,172,894.78,8506.82
5,2022-02-03,575,RMDC,RMDC Laghubitta Bittiya Sanstha Ltd.,1305.0000,1330.0000,1255.0000,1260.0000,23384,30148577.4000,1305.6000,1800.0000,1001.0000,2022-02-03T14:59:56.831931,1260.0000,302,1289.28,15637.44
6,2022-02-03,687,VLBS,Vijaya laghubitta Bittiya Sanstha Ltd.,1400.0000,1445.0000,1361.1000,1395.0000,1535,2136157.0000,1423.0000,2036.0000,1240.0000,2022-02-03T14:59:40.143108,1395.0000,45,1391.63,4463.96
7,2022-02-03,704,NMBMF,NMB  Microfinance Bittiya Sanstha Ltd.,1126.0000,1127.0000,1100.0000,1100.0000,3751,4166997.0000,1105.0000,1661.0000,1000.0000,2022-02-03T14:59:50.490248,1100.0000,54,1110.90,7214.49
8,2022-02-03,2787,KPCL,Kalika power Company Ltd,549.0000,575.0000,545.0000,547.9000,38315,21474442.1000,539.0000,878.9000,221.0000,2022-02-03T14:59:55.619525,547.9000,267,560.47,3780.51
9,2022-02-03,2809,SHIVM,SHIVAM CEMENTS LTD,1524.0000,1524.0000,1470.0000,1470.0000,57741,85999213.7000,1496.0000,1910.0000,1027.0000,2022-02-03T14:59:57.015460,1470.0000,488,1489.39,64680.00
10,2022-02-03,2841,RHPL,RASUWAGADHI HYDROPOWER COMPANY LIMITED,425.0000,435.0000,420.5000,420.5000,129967,55565500.5000,422.0000,613.0000,301.0000,2022-02-03T14:59:55.933865,420.5000,825,427.53,25893.93
11,2022-02-03,2900,RLI,Reliance Life Insurance Limited,584.0000,584.4000,572.0000,574.0000,24984,14372260.4000,573.0000,815.0000,423.4000,2022-02-03T14:59:59.816296,574.0000,506,575.25,12054.00
12,2022-02-03,2925,MLBSL,Mahila Lagubitta Bittiya Sanstha Limited ,3980.0000,4010.0000,3940.0000,3945.0000,1513,5989931.0000,3973.0000,5749.0000,438.0000,2022-02-03T14:59:35.747399,3945.0000,80,3958.97,5818.88
13,2022-02-03,4955,MKLB,Manakamana Smart Laghubitta Bittiya Sanstha Limited,1461.2000,1487.9000,1452.0000,1487.9000,4049,5939076.2000,1491.0000,2310.0000,296.7000,2022-02-03T14:56:05.934471,1487.9000,109,1466.80,2109.03
14,2022-02-03,8023,MMF1,Mega Mutual Fund -1,9.0300,9.3600,9.0300,9.3000,22120,203309.0000,9.2000,10.2800,8.5800,2022-02-03T14:52:11.543898,9.3000,83,9.19,1162.50
15,2022-02-03,8032,BNHC,Buddha Bhumi Nepal Hydropower Company Limited,678.0000,744.0000,640.0000,744.0000,46157,30917649.2000,678.0000,744.0000,246.7000,2022-02-03T14:59:54.916414,744.0000,2898,669.83,2976.00
16,2022-02-03,144,NCCB,Nepal Credit And Commercial Bank Limited,278.0000,281.5000,271.8000,273.0000,98739,27226574.6000,276.0000,407.0000,252.8000,2022-02-03T14:59:57.005119,273.0000,383,275.74,30411.32
17,2022-02-03,148,TRH,Taragaon Regency Hotel Limited,380.4000,382.0000,371.0000,374.0000,11828,4440138.6000,375.0000,468.0000,275.0000,2022-02-03T14:59:57.890393,374.0000,56,375.39,7056.09
18,2022-02-03,149,OHL,Oriental Hotels Limited,501.0000,530.0000,501.0000,507.5000,8885,4540049.5000,510.0000,761.0000,398.0000,2022-02-03T14:59:58.586724,507.5000,44,510.97,5725.06
19,2022-02-03,185,SIC,Sagarmatha Insurance Co. Ltd.,1380.0000,1396.0000,1373.0000,1380.0000,3963,5481294.1000,1370.0000,1890.0000,1008.0000,2022-02-03T14:59:54.568351,1380.0000,69,1383.11,15336.73
20,2022-02-03,227,BFC,Best Finance Company Ltd.,531.0000,532.0000,516.0000,516.1000,37500,19689575.4000,520.6000,630.0000,151.0000,2022-02-03T14:59:55.279707,516.1000,295,525.05,4278.02
21,2022-02-03,236,PFL,Pokhara Finance Ltd.,620.0000,620.0000,596.0000,596.0000,76668,46398407.0000,614.9000,920.0000,245.0000,2022-02-03T14:59:59.817496,596.0000,519,605.18,6203.88
22,2022-02-03,348,CZBIL,Citizen Bank International Limited,298.0000,305.0000,298.0000,299.0000,83422,25099298.0000,299.0000,444.0000,252.9000,2022-02-03T14:59:46.308079,299.0000,472,300.87,42460.91
23,2022-02-03,417,GBBL,Garima Bikas Bank Limited,623.9000,625.0000,612.0000,615.0000,158501,97617980.6000,615.0000,750.0000,293.0000,2022-02-03T14:59:59.847270,615.0000,700,615.88,22606.86
24,2022-02-03,447,GLICL,Gurans Life Insurance Company Ltd.,709.9000,728.0000,693.0000,695.0000,53308,37438367.2000,700.0000,901.0000,460.0000,2022-02-03T14:59:45.519307,695.0000,256,702.30,14485.54
25,2022-02-03,450,CORBL,Corporate Development Bank Limited,610.1000,620.0000,601.2000,601.2000,6433,3923656.1000,610.0000,1155.0000,460.0000,2022-02-03T14:58:56.974031,601.2000,85,609.92,3006.00
26,2022-02-03,1741,MERO,Mero Microfinance Bittiya Sanstha Ltd.,1224.0000,1232.0000,1199.0000,1199.0000,13769,16672796.6000,1200.0000,1989.0000,878.1000,2022-02-03T14:59:58.940310,1199.0000,176,1210.89,14388.00
27,2022-02-03,2746,NMFBS,National Microfinance Bittiya Sanstha Ltd.,2710.0000,2749.0000,2675.0000,2680.0000,4689,12705572.5000,2705.0000,4080.0000,2360.0000,2022-02-03T14:58:26.517924,2680.0000,112,2709.65,15722.89
28,2022-02-03,2768,MSLB,Mahuli Samudayik Laghubitta Bittiya Sanstha Ltd.,1640.0000,1655.0000,1630.0000,1635.0000,1325,2179459.0000,1651.0000,3131.0000,1485.0000,2022-02-03T14:57:23.613377,1635.0000,35,1644.87,4613.47
29,2022-02-03,2886,ADBLD83,10.35% Agricultural Bank Debenture 2083,990.0000,990.0000,985.0000,988.0000,325,320502.5000,1005.0000,1150.0000,985.0000,2022-02-03T14:21:13.112116,988.0000,5,986.16,
30,2022-02-03,2917,CGH,Chandragiri Hills Limited,1470.0000,1470.0000,1425.0000,1426.0000,11539,16692792.1000,1455.0000,2800.0000,159.0000,2022-02-03T14:59:59.652111,1426.0000,203,1446.64,21876.14
31,2022-02-03,2932,MFLD85,9.5% Manjushree Finance Limited Debenture 2085,918.0000,918.0000,918.0000,918.0000,25,22950.0000,900.0000,1055.0000,900.0000,2022-02-03T13:26:01.558179,918.0000,1,918.00,
32,2022-02-03,4947,PSF,Prabhu Select Fund,9.0800,9.5200,9.0800,9.2200,17735,164335.5500,9.2500,11.2200,8.7500,2022-02-03T14:54:21.988061,9.2200,47,9.26,1152.50
33,2022-02-03,142,KBL,Kumari Bank Limited,264.0000,270.2000,262.0000,263.0000,110414,29305691.4000,263.0000,413.0000,223.0000,2022-02-03T14:59:56.931889,263.0000,585,265.41,38690.41
34,2022-02-03,152,NHPC,National Hydro Power Company Limited,425.4000,441.6000,417.0000,418.0000,578092,248178259.1000,417.1000,530.9000,132.0000,2022-02-03T14:59:56.953484,418.0000,2783,429.30,5790.08
35,2022-02-03,183,NIL,Neco Insurance Co. Ltd.,1326.0000,1326.0000,1294.0000,1299.0000,39543,51611993.5000,1300.0000,1900.0000,950.0000,2022-02-03T14:59:43.815236,1299.0000,290,1305.21,19766.02
36,2022-02-03,190,LGIL,Lumbini General Insurance Co. Ltd.,807.0000,807.0000,778.0000,778.0000,29500,23208822.0000,800.0000,975.0000,566.5000,2022-02-03T14:59:55.453309,778.0000,166,786.73,9327.36
37,2022-02-03,428,KRBL,Karnali Development Bank Limited,465.0000,466.0000,441.1000,445.0000,33082,14936006.4000,457.0000,607.0000,157.0000,2022-02-03T14:59:53.208475,445.0000,220,451.48,2358.54
38,2022-02-03,471,MPFL,Multipurpose Finance Company  Limited,457.9000,460.0000,442.0000,442.0000,17343,7828805.1000,449.0000,696.0000,167.0000,2022-02-03T14:59:30.512438,442.0000,103,451.41,1997.84
39,2022-02-03,593,KMCDB,Kalika Laghubitta Bittiya Sanstha Ltd,1370.0000,1374.0000,1331.0000,1334.0000,10385,14074673.8000,1365.0000,1715.0000,1015.0000,2022-02-03T14:59:30.928612,1334.0000,115,1355.28,4173.76
40,2022-02-03,601,MLBBL,Mithila LaghuBitta Bittiya Sanstha Limited,1844.9000,1844.9000,1775.0000,1808.0000,375,671009.0000,1810.0000,2540.0000,1475.0000,2022-02-03T14:53:43.315004,1808.0000,11,1789.35,3081.51
41,2022-02-03,702,EICPO,Everest Insurance Co. Ltd. Promoter Share,467.0000,470.0000,451.4000,451.4000,1831,855390.6000,468.0000,530.1000,325.9000,2022-02-03T13:59:08.542096,451.4000,7,467.17,457.04
42,2022-02-03,2751,KKHC,Khanikhola Hydropower Co. Ltd.,340.0000,345.4000,332.0000,335.0000,35071,11853707.9000,334.0000,556.2000,111.0000,2022-02-03T14:59:59.338952,335.0000,301,337.99,1560.14
43,2022-02-03,2752,NMBHF1,NMB Hybrid Fund L-1,12.0000,12.2000,11.9000,11.9000,45444,544981.9200,12.2400,16.2500,10.1300,2022-02-03T14:54:57.294035,11.9000,26,11.99,11900.00
44,2022-02-03,2790,ACLBSL,Aarambha Chautari Laghubitta Bittiya Sanstha Limited,1451.0000,1468.0000,1425.0000,1433.0000,3807,5489258.1000,1445.0000,1938.0000,1077.0000,2022-02-03T14:59:26.861668,1433.0000,91,1441.88,4398.21
45,2022-02-03,2811,MHNL,Mountain Hydro Nepal Limited,525.0000,536.0000,511.0000,516.0000,79292,41703165.0000,515.0000,720.0000,208.0000,2022-02-03T14:59:57.975622,516.0000,322,525.94,6450.00
46,2022-02-03,2862,CMF2,CITIZENS MUTUAL FUND 2,10.3000,10.4900,10.3000,10.3600,9700,100821.8000,10.4200,16.8700,9.0400,2022-02-03T14:47:41.887517,10.3600,15,10.39,580.16
47,2022-02-03,2880,HDHPC,Himal Dolakha Hydropower Company Limited,368.2000,373.9000,357.0000,360.0000,322163,118518737.9000,361.0000,478.9000,123.0000,2022-02-03T14:59:53.478437,360.0000,1209,367.88,5760.00
48,2022-02-03,2902,LUK,Laxmi Unnati Kosh,10.2000,10.4500,10.1200,10.4000,20150,209227.5000,10.3700,16.0000,9.3100,2022-02-03T14:55:53.129345,10.4000,34,10.38,678.73
49,2022-02-03,2907,SSHL,Shiva Shree Hydropower Ltd,398.8000,414.1000,383.0000,386.9000,128938,51284152.7000,391.0000,533.0000,156.0000,2022-02-03T14:59:55.451277,386.9000,671,397.74,5712.19
50,2022-02-03,2934,SHEL,Singati Hydro Energy Limited,521.4000,537.0000,516.1000,524.0000,101166,53322018.6000,511.2000,650.0000,306.0000,2022-02-03T14:59:59.962907,524.0000,1118,527.07,7598.00
51,2022-02-03,280,SIL,Siddhartha Insurance Ltd.,1009.8000,1050.0000,1009.8000,1018.0000,74774,76542627.7000,990.0000,1376.0000,732.0000,2022-02-03T14:59:40.652002,1018.0000,475,1023.65,11401.60
52,2022-02-03,371,MDB,Miteri Development Bank Limited,570.0000,576.9000,559.0000,559.0000,25063,14244673.3000,562.1000,873.2000,320.0000,2022-02-03T14:59:53.679401,559.0000,161,568.35,5050.16
53,2022-02-03,517,NBL,Nepal Bank Limited,380.0000,382.5000,370.0000,370.5000,114244,42650667.1000,375.0000,575.0000,317.0000,2022-02-03T14:59:58.795632,370.5000,687,373.32,53373.88
54,2022-02-03,618,LLBS,Laxmi Laghubitta Bittiya Sanstha Ltd.,1620.0000,1629.2000,1575.0000,1588.0000,691,1107786.0000,1600.0000,2574.0000,1205.0000,2022-02-03T14:48:28.394147,1588.0000,23,1603.16,6098.78
55,2022-02-03,657,MEGAPO,Mega  Bank Nepal Ltd. Promoter Share,120.0000,120.0000,120.0000,120.0000,26896,3227520.0000,120.0000,132.0000,118.0000,2022-02-03T12:45:51.888147,120.0000,1,120.00,3131.52
56,2022-02-03,1740,GIMES1,Global IME Samunnat Scheme-1,12.3900,12.3900,11.9100,12.1000,207214,2509399.2600,12.1500,25.0900,9.9000,2022-02-03T14:58:53.632470,12.1000,57,12.11,1210.00
57,2022-02-03,2758,FOWAD,Forward Microfinance Bittiya Sanstha Ltd.,2520.0000,2560.0000,2485.0000,2490.0000,25690,64774213.3000,2560.0000,3530.0000,2000.0000,2022-02-03T14:59:56.620075,2490.0000,628,2521.37,21026.83
58,2022-02-03,2829,SMFBS,Swabhimaan Laghubitta Bittiya Sanstha Limited,1994.0000,1994.0000,1925.0000,1950.0000,958,1871954.2000,1994.0000,3110.0000,1670.0000,2022-02-03T14:55:22.924992,1950.0000,36,1954.02,2374.75
59,2022-02-03,2835,NBF2,NABIL BALANCED FUND-2,11.4900,11.5000,11.2000,11.5000,36660,414636.3000,11.3700,17.0000,10.0000,2022-02-03T14:45:15.480262,11.5000,30,11.31,1288.00
60,2022-02-03,2860,SAPDBL,Saptakoshi Development Bank Ltd,377.0000,382.9000,362.6000,363.0000,42159,15761827.1000,370.0000,540.0000,155.0000,2022-02-03T14:59:28.534787,363.0000,188,373.86,3028.65
61,2022-02-03,2883,GWFD83,12 % Goodwill Finance Limited Debenture 2083,1110.0000,1110.0000,1105.0000,1105.0000,165,183025.0000,1110.0000,1242.0000,1050.0000,2022-02-03T14:36:15.130301,1105.0000,3,1109.24,
62,2022-02-03,2936,NCCD86,9.5% NCC Debenture 2086,950.0000,950.0000,950.0000,950.0000,100,95000.0000,950.0000,1026.0000,946.0000,2022-02-03T11:55:35.652700,950.0000,1,950.00,
63,2022-02-03,4951,JBLB,Jeevan Bikas Laghubitta  Bittya Sanstha Ltd,4900.0000,4950.0000,4740.0000,4765.0000,17003,81885968.2000,4866.0000,5516.9000,890.0000,2022-02-03T14:59:57.766131,4765.0000,871,4815.97,28990.26
64,2022-02-03,155,STC,Salt Trading Corporation,6696.0000,6749.0000,6575.0000,6576.0000,3504,23208593.9000,6623.1000,13780.0000,4740.0000,2022-02-03T14:59:50.163622,6576.0000,131,6623.45,15156.56
65,2022-02-03,359,SRBL,Sunrise Bank Limited,290.0000,295.0000,287.2000,287.2000,42612,12396188.8000,289.9000,418.2000,250.0000,2022-02-03T14:59:39.050726,287.2000,231,290.90,29061.46
66,2022-02-03,592,NSLB,Naya Sarathi Laghubitta Bittiya Sanstha Limited,1500.0000,1500.0000,1455.0000,1459.1000,2398,3510424.8000,1485.0000,1987.9000,1026.1000,2022-02-03T14:59:33.277845,1459.1000,29,1463.89,3720.03
67,2022-02-03,694,KLBSL,Kisan Lagubitta Bittiya Sanstha Limited,1719.0000,1720.0000,1680.0000,1700.0000,1883,3190756.1000,1700.0000,2042.0000,1072.0000,2022-02-03T14:59:58.136371,1700.0000,45,1694.50,6677.75
68,2022-02-03,2771,SMB,Support Microfinance Bittiya Sanstha Ltd.,2033.0000,2114.0000,1990.1000,1990.1000,233,471991.0000,1994.6000,2900.0000,1619.0000,2022-02-03T14:23:25.730026,1990.1000,16,2025.71,1707.51
69,2022-02-03,2776,RADHI,Radhi Bidyut Company Ltd,740.6000,748.1000,717.0000,717.0000,101001,74647789.0000,726.1000,1340.0000,314.0000,2022-02-03T14:59:56.288646,717.0000,637,739.07,4634.72
70,2022-02-03,2779,NICGF,NIC Asia Growth Fund,12.2200,12.4600,12.2200,12.4000,19746,245060.4000,12.3500,18.1200,10.4300,2022-02-03T14:51:21.229856,12.4000,14,12.41,1035.65
71,2022-02-03,2806,GHL,Ghalemdi Hydro Limited,363.1000,370.0000,350.1000,350.1000,95438,34372592.9000,356.0000,555.9000,120.0000,2022-02-03T14:59:53.687660,350.1000,492,360.15,1925.55
72,2022-02-03,2832,ILBS,Infinity Laghubitta Bittiya Sanstha Limited,1395.0000,1451.0000,1395.0000,1416.0000,2503,3551441.6000,1423.0000,2140.0000,1304.0000,2022-02-03T14:59:18.085128,1416.0000,61,1418.87,5869.58
73,2022-02-03,2908,SGI,Sanima General Insurance Limited,675.0000,676.0000,658.1000,663.0000,10430,6932271.4000,671.0000,900.0000,474.0000,2022-02-03T14:59:52.881926,663.0000,298,664.64,6630.00
74,2022-02-03,2937,SBCF,Sunrise Bluechip Fund,9.0800,9.3900,9.0800,9.1800,22890,210891.7000,9.2400,11.2900,8.1800,2022-02-03T14:59:15.718763,9.1800,34,9.21,1147.50
75,2022-02-03,8026,NYADI,Nyadi Hydropower Limited,509.0000,530.2000,503.0000,530.0000,56373,29323342.0000,509.0000,545.0000,282.3000,2022-02-03T14:59:55.864549,530.0000,1690,520.16,7950.00
76,2022-02-03,154,CHCL,Chilime Hydropower Company Limited,539.5000,546.9000,527.0000,527.0000,37925,20384015.3000,534.0000,785.0000,462.0000,2022-02-03T14:59:56.639694,527.0000,295,537.48,35581.96
77,2022-02-03,178,NLICL,National Life Insurance Co. Ltd.,1148.0000,1148.0000,1115.0000,1115.0000,42862,48337928.7000,1130.0000,1411.0000,780.0000,2022-02-03T14:59:46.726987,1115.0000,367,1127.75,37808.42
78,2022-02-03,180,UIC,United Insurance Co. (Nepal) Ltd.,743.0000,743.0000,721.0000,728.0000,26747,19478570.0000,728.8000,890.0000,546.0000,2022-02-03T14:59:58.359578,728.0000,139,728.25,7485.00
79,2022-02-03,255,PRVU,Prabhu  Bank Limited,336.0000,339.9000,331.5000,333.0000,96481,32247252.1000,334.0000,525.0000,285.0000,2022-02-03T14:59:52.008691,333.0000,466,334.23,42319.98
80,2022-02-03,360,AHPC,Arun Valley Hydropower Development Co. Ltd.,574.0000,610.0000,574.0000,593.0000,1384721,827035336.5000,563.0000,785.0000,237.0000,2022-02-03T14:59:59.853551,593.0000,5721,597.25,10256.50
81,2022-02-03,418,JBBL,Jyoti Bikas Bank Limited,458.0000,469.9000,444.0000,447.0000,102236,46569618.1000,454.0000,649.9000,215.0000,2022-02-03T14:59:59.840055,447.0000,695,455.51,19076.86
82,2022-02-03,686,BARUN,Barun Hydropower Co. Ltd.,575.0000,577.0000,555.0000,555.0000,42189,23936517.4000,565.0000,763.4000,215.0000,2022-02-03T14:59:47.082232,555.0000,320,567.36,1486.89
83,2022-02-03,2753,NEF,Nabil Equity Fund,10.9700,11.3300,10.9700,11.2000,120429,1357271.5500,11.0000,17.4900,9.8300,2022-02-03T14:59:21.654119,11.2000,31,11.27,1400.00
84,2022-02-03,2767,HPPL,Himalayan Power Partner Ltd.,530.0000,540.0000,517.0000,517.1000,82449,43589953.8000,520.0000,749.1000,283.0000,2022-02-03T14:59:57.635232,517.1000,341,528.68,5509.27
85,2022-02-03,2774,USLB,Unnati Sahakarya Laghubitta Bittiya Sanstha Limited,1698.0000,1698.0000,1635.0000,1636.0000,344,569257.6000,1665.0000,2868.0000,1442.0000,2022-02-03T14:54:43.658253,1636.0000,18,1654.81,3746.78
86,2022-02-03,2781,WNLB,Wean Nepal Laghubitta Bittiya Sanstha Limited,1816.7000,1959.2000,1816.7000,1959.2000,2373,4643638.4000,1781.1000,1959.2000,831.0000,2022-02-03T14:27:45.727743,1959.2000,105,1956.86,1419.37
87,2022-02-03,2786,PMHPL,Panchakanya Mai Hydropower Ltd,393.7000,396.9000,385.0000,390.0000,76830,30053667.1000,386.0000,484.0000,133.0000,2022-02-03T14:59:49.159080,390.0000,472,391.17,4290.00
88,2022-02-03,2824,HURJA,Himalaya Urja Bikas Company Limited,550.0000,554.8000,530.0000,554.8000,38061,20790849.0000,540.0000,685.4000,204.0000,2022-02-03T14:59:52.608800,554.8000,253,546.25,5492.52
89,2022-02-03,2843,SABSL,SABAIKO LAGHUBITTA BITTIYA SANSTHA LIMITED,1529.9000,1560.0000,1482.0000,1482.0000,1063,1613843.4000,1505.0000,2306.2000,1041.0000,2022-02-03T14:58:01.345608,1482.0000,52,1518.19,4001.38
90,2022-02-03,2867,NMB50,NMB 50,13.1300,13.4600,13.0800,13.4500,219695,2945209.3500,13.1100,18.4700,10.7200,2022-02-03T14:58:51.838764,13.4500,35,13.40,1681.25
91,2022-02-03,2896,SDLBSL,Sadhana Laghubitta Bittiya Sanstha Limited,1439.2000,1439.2000,1400.0000,1403.1000,3246,4580257.8000,1411.0000,2079.0000,1026.0000,2022-02-03T14:58:26.998188,1403.1000,113,1411.04,4507.11
92,2022-02-03,2935,RURU,Ru Ru Jalbidhyut Pariyojana Limited,1071.0000,1105.0000,1071.0000,1088.0000,8364,9168388.4000,1066.0000,1849.2000,356.0000,2022-02-03T14:59:51.896883,1088.0000,194,1096.17,4879.42
93,2022-02-03,5982,SLI,Sanima Life Insurance Limited,560.0000,598.0000,560.0000,577.0000,54574,31737511.7000,570.0000,787.8000,309.0000,2022-02-03T14:59:57.011569,577.0000,1796,581.55,11540.00
94,2022-02-03,8022,TPC,Terhathum Power Company Limited,613.0000,663.0000,613.0000,635.0000,26223,16538315.7000,611.0000,663.0000,254.2000,2022-02-03T14:59:59.837397,635.0000,546,630.67,2540.00
95,2022-02-03,131,NABIL,Nabil Bank Limited,1141.5000,1143.5000,1121.0000,1122.0000,61153,68883392.7000,1121.1000,1740.0000,1086.0000,2022-02-03T14:59:52.239448,1122.0000,926,1126.41,206153.86
96,2022-02-03,137,EBL,Everest Bank Limited,590.0000,595.0000,585.0000,585.0000,29116,17151039.5000,585.0000,864.0000,515.0000,2022-02-03T14:59:18.781875,585.0000,162,589.05,55149.94
97,2022-02-03,138,BOKL,Bank of Kathmandu Ltd.,300.0000,305.0000,292.0000,292.2000,27569,8125811.0000,294.5000,433.2000,240.2000,2022-02-03T14:59:30.862516,292.2000,265,294.74,31043.31
98,2022-02-03,140,MBL,Machhapuchhre Bank Limited,330.0000,335.0000,325.0000,325.0000,87824,28866394.6000,330.0000,455.0000,279.0000,2022-02-03T14:59:58.951026,325.0000,435,328.68,33335.76
99,2022-02-03,181,EIC,Everest Insurance Co. Ltd.,740.0000,754.8000,730.5000,738.0000,22447,16679481.8000,734.5000,885.0000,526.0000,2022-02-03T14:59:59.779434,738.0000,133,743.06,8735.00
100,2022-02-03,182,PIC,Premier Insurance Co. Ltd.,1020.0000,1020.0000,995.0000,995.0000,13642,13712512.2000,1000.0000,1399.0000,817.0000,2022-02-03T14:59:49.858679,995.0000,135,1005.16,12215.46
101,2022-02-03,187,NLIC,Nepal Life Insurance Co. Ltd.,1680.1000,1703.0000,1624.0000,1630.0000,120203,198136578.2000,1670.0000,2470.0000,1270.0000,2022-02-03T14:59:58.952801,1630.0000,1411,1648.34,117359.52
102,2022-02-03,189,PICL,Prudential Insurance Co. Ltd.,766.0000,774.9000,754.0000,754.0000,20917,15973903.0000,769.0000,994.0000,543.0000,2022-02-03T14:59:56.973999,754.0000,93,763.68,8358.44
103,2022-02-03,357,PCBL,Prime Commercial Bank Ltd.,362.0000,367.5000,357.6000,359.0000,43183,15597792.7000,359.9000,540.0000,310.0000,2022-02-03T14:59:55.592734,359.0000,360,361.20,66976.20
104,2022-02-03,545,SLBBL,Swarojgar Laghu Bitta Bikas Bank Ltd.,1180.0000,1192.0000,1159.0000,1159.0000,6657,7776126.6000,1175.0000,1685.0000,890.0000,2022-02-03T14:58:17.577524,1159.0000,79,1168.11,5958.41
105,2022-02-03,591,SHPC,Sanima Mai Hydropower Ltd.,463.0000,469.0000,453.0000,455.0000,214167,99004146.6000,454.0000,675.0000,326.0000,2022-02-03T14:59:58.729132,455.0000,1064,462.27,14056.09
106,2022-02-03,634,RBCLPO,Rastriya Beema Company Limited Promoter Share,16707.0000,16823.0000,16200.0000,16401.0000,1080,17820969.0000,16380.0000,20185.0000,11310.0000,2022-02-03T14:59:54.640919,16401.0000,32,16500.89,29133.03
107,2022-02-03,2760,UMHL,United Modi Hydropower Ltd.,446.7000,456.0000,435.0000,437.0000,213694,95841647.5000,442.0000,646.6000,152.0000,2022-02-03T14:59:57.695742,437.0000,1044,448.49,5025.50
108,2022-02-03,2765,LEMF,Laxmi Equity Fund,10.5100,10.7200,10.5100,10.6500,40690,433728.9000,10.7200,19.3400,9.1600,2022-02-03T14:57:20.461229,10.6500,18,10.65,1331.25
109,2022-02-03,2789,JOSHI,Joshi Hydropower Development Company Ltd,341.7000,349.8000,333.2000,334.0000,132280,45437257.6000,335.0000,507.0000,113.0000,2022-02-03T14:59:58.363427,334.0000,732,343.49,1240.48
110,2022-02-03,2842,SJCL,SANJEN JALAVIDHYUT COMPANY LIMITED,431.0000,434.0000,415.0000,417.0000,37300,15782234.8000,423.0000,550.0000,281.0000,2022-02-03T14:59:54.981077,417.0000,452,423.11,13698.45
111,2022-02-03,3946,CHDC,CEDB Hydropower Development Company Limited,1093.0000,1130.0000,1070.1000,1122.0000,66295,73318641.7000,1090.0000,1415.0000,416.0000,2022-02-03T14:59:57.307338,1122.0000,1161,1105.94,9418.18
112,2022-02-03,8025,SPC,Samling Power Company Limited,669.0000,692.0000,669.0000,676.0000,11682,7921640.0000,679.0000,745.0000,296.3000,2022-02-03T14:59:09.781847,676.0000,360,678.10,3380.00
113,2022-02-03,135,SBI,Nepal SBI Bank Limited,400.0000,401.0000,391.0000,398.0000,41619,16509480.9000,397.5000,465.0000,331.3000,2022-02-03T14:59:55.203710,398.0000,133,396.68,39106.89
114,2022-02-03,145,SBL,Siddhartha Bank Limited,456.0000,465.0000,450.1000,455.0000,64627,29655334.4000,456.0000,605.0000,370.0000,2022-02-03T14:59:39.367018,455.0000,328,458.86,56986.14
115,2022-02-03,166,DDBL,Deprosc Laghubitta Bittiya Sanstha Limited,1318.0000,1318.0000,1288.0000,1290.0000,17049,22187288.5000,1300.0000,2420.0000,1019.0000,2022-02-03T14:59:51.542981,1290.0000,243,1301.38,17898.73
116,2022-02-03,176,NICL,Nepal Insurance Co. Ltd.,892.0000,920.0000,892.0000,903.3000,66976,61001787.1000,892.0000,1294.0000,640.0000,2022-02-03T14:59:43.809503,903.3000,435,910.80,11222.04
117,2022-02-03,192,SICL,Shikhar Insurance Co. Ltd.,2005.0000,2030.0000,1980.0000,1986.0000,134452,268068044.7000,1997.0000,3021.0000,1387.0000,2022-02-03T14:59:57.967402,1986.0000,2235,1993.78,34924.29
118,2022-02-03,204,GUFL,Gurkhas Finance Ltd.,803.1000,816.0000,775.0000,778.0000,63408,50139176.1000,802.0000,1500.0000,380.0000,2022-02-03T14:59:55.069411,778.0000,641,790.73,6752.99
119,2022-02-03,210,CIT,Citizen Investment Trust,3484.0000,3484.0000,3400.0000,3410.0000,13731,47160274.5000,3416.0000,5029.0000,2625.0000,2022-02-03T14:59:11.052697,3410.0000,270,3434.58,111507.01
120,2022-02-03,213,BNT,Bottlers Nepal (Terai) Limited,14700.0000,14785.0000,14500.0000,14500.0000,360,5258834.0000,14696.0000,17670.0000,8328.0000,2022-02-03T14:59:58.134348,14500.0000,31,14607.87,17545.00
121,2022-02-03,245,CFCL,Central Finance Co. Ltd.,517.0000,525.0000,497.0000,500.0000,40108,20413249.7000,507.0000,814.9000,183.0000,2022-02-03T14:59:16.397556,500.0000,338,508.95,4744.38
122,2022-02-03,268,SWBBL,Swabalamban Laghubitta Bittiya Sanstha Limited,1375.0000,1382.0000,1352.2000,1352.2000,5041,6904294.0000,1360.0000,2275.0000,1097.0000,2022-02-03T14:56:47.544174,1352.2000,67,1369.62,15173.98
123,2022-02-03,273,ICFC,ICFC Finance Limited,743.0000,760.0000,730.0000,732.0000,135297,100834588.2000,734.9000,1176.8000,283.0000,2022-02-03T14:59:59.851347,732.0000,788,745.28,8247.39
124,2022-02-03,393,PLIC,Prime Life Insurance Company Limited,804.0000,815.0000,788.0000,793.0000,20473,16325841.8000,804.0000,1133.0000,570.0000,2022-02-03T14:59:39.222118,793.0000,149,797.43,22042.35
125,2022-02-03,459,KSBBL,Kamana Sewa Bikas Bank Limited,555.0000,565.9000,538.1000,539.0000,99985,55390046.2000,549.0000,866.9000,284.0000,2022-02-03T14:59:57.255739,539.0000,744,553.98,16938.49
126,2022-02-03,472,SADBL,Shangrila Development Bank Ltd.,436.0000,443.0000,426.0000,427.0000,96366,41826770.6000,428.4000,595.0000,197.0000,2022-02-03T14:59:57.924883,427.0000,419,434.04,12855.56
127,2022-02-03,474,MNBBL,Muktinath Bikas Bank Ltd.,569.9000,579.0000,560.0000,560.0000,50855,28923842.9000,567.9000,850.0000,377.0000,2022-02-03T14:59:58.586065,560.0000,371,568.75,31680.21
128,2022-02-03,605,CCBL,Century Commercial Bank Ltd.,262.0000,262.0000,255.2000,256.5000,83825,21618902.6000,258.2000,324.0000,212.0000,2022-02-03T14:59:25.458189,256.5000,390,257.90,24505.78
129,2022-02-03,695,JSLBB,Janautthan Samudayic Laghubitta Bikas Bank Ltd.,2550.0000,2560.0000,2495.0000,2495.0000,1003,2511869.0000,2510.0000,5500.0000,2061.1000,2022-02-03T14:59:40.371449,2495.0000,45,2504.35,3690.25
130,2022-02-03,2755,NIBLPF,NIBL Pragati Fund,10.6700,10.9300,10.6700,10.8300,33700,366465.9600,10.8000,20.6800,9.3000,2022-02-03T14:58:22.687911,10.8300,18,10.87,812.25
131,2022-02-03,2757,AKPL,Arun Kabeli Power Ltd.,612.0000,624.0000,600.0000,601.0000,391839,239806786.7000,600.0000,882.4000,300.0000,2022-02-03T14:59:55.817367,601.0000,2255,612.00,11149.82
132,2022-02-03,2761,SMATA,Samata Gharelu Laghubitta Bittiya Sanstha Limited,1235.0000,1256.0000,1215.0000,1225.0000,1245,1530483.4000,1235.0000,2048.0000,550.0000,2022-02-03T14:59:37.900945,1225.0000,30,1229.30,4198.62
133,2022-02-03,2770,SEF,Siddhartha Equity Fund,11.3000,11.5600,11.2900,11.4200,44800,511441.3200,11.4000,17.0400,10.0100,2022-02-03T14:56:59.411376,11.4200,26,11.41,1713.00
134,2022-02-03,2788,AKJCL,Ankhu Khola Jalvidhyut Company Ltd,323.4000,345.0000,323.4000,327.0000,273319,91624805.7000,330.0000,502.0000,132.0000,2022-02-03T14:59:56.819471,327.0000,1333,335.23,2616.00
135,2022-02-03,2813,PPCL,Panchthar Power Compant Limited,556.9000,570.0000,543.0000,544.0000,55566,30861738.1000,546.2000,642.0000,222.0000,2022-02-03T14:59:55.675613,544.0000,292,555.40,5236.00
136,2022-02-03,2826,GLBSL,Gurans Laghubitta Bittiya Sanstha Limited,1400.0000,1400.0000,1374.0000,1375.0000,1215,1678999.3000,1400.0000,2245.0000,1017.0000,2022-02-03T14:57:05.614943,1375.0000,35,1381.89,1340.62
137,2022-02-03,2881,NRIC,Nepal Reinsurance Company Limited,1260.0000,1285.0000,1248.0000,1251.0000,50477,64015778.4000,1254.0000,2010.0000,1104.7200,2022-02-03T14:59:58.038290,1251.0000,629,1268.21,145741.50
138,2022-02-03,8005,MKJC,Mailung Khola Jal Vidhyut Company Limited,610.0000,638.0000,610.0000,638.0000,39284,24625089.0000,612.0000,638.0000,186.5000,2022-02-03T14:59:57.814094,638.0000,616,626.84,2348.75
139,2022-02-03,8024,NBF3,Nabil Balanced Fund-3,9.7000,9.8700,9.6500,9.7000,25733,249266.1100,9.7000,10.0800,9.1300,2022-02-03T14:58:58.765405,9.7000,50,9.68,1212.50
140,2022-02-03,133,SCB,Standard Chartered Bank Limited,506.0000,515.0000,501.0000,508.1000,16760,8566813.6000,506.0000,678.0000,434.0000,2022-02-03T14:59:17.363142,508.1000,168,511.14,47911.05
141,2022-02-03,188,LICN,Life Insurance Co. Nepal,2400.0000,2400.0000,2326.0000,2377.0000,20975,49201626.4000,2356.0000,2800.0000,1700.0000,2022-02-03T14:59:50.165387,2377.0000,210,2345.72,52555.47
142,2022-02-03,219,UNL,Unilever Nepal Limited,19100.0000,19100.0000,19002.0000,19002.0000,20,381020.0000,19050.0000,23180.0000,18050.0000,2022-02-03T13:41:17.379256,19002.0000,2,19051.00,17495.14
143,2022-02-03,232,GFCL,Goodwill Finance Co. Ltd.,728.9000,728.9000,700.0000,701.0000,26675,19059139.6000,720.5000,1010.0000,239.0000,2022-02-03T14:59:43.909223,701.0000,208,714.49,6632.27
144,2022-02-03,238,NMB,NMB Bank Limited,353.0000,354.0000,345.0000,347.0000,55570,19362552.5000,347.5000,517.0000,326.0000,2022-02-03T14:59:59.370761,347.0000,406,348.43,63732.47
145,2022-02-03,341,GBIME,Global IME Bank Limited,370.0000,370.0000,361.1000,363.0000,102527,37493150.8000,366.0000,522.0000,275.0000,2022-02-03T14:59:48.243815,363.0000,718,365.69,86378.59
146,2022-02-03,385,ALICL,Asian Life Insurance Co. Limited,1026.0000,1031.0000,1000.0000,1002.0000,21071,21462245.8000,1025.0000,1565.0000,978.0000,2022-02-03T14:59:46.395798,1002.0000,288,1018.56,25184.79
147,2022-02-03,502,SMFDB,Summit Laghubitta Bittiya Sanstha Limited,1301.0000,1326.0000,1226.5000,1241.0000,2995,3758011.5000,1276.0000,1938.0000,1100.0000,2022-02-03T14:57:57.306529,1241.0000,53,1254.76,6130.54
148,2022-02-03,532,CBL,Civil Bank Ltd,264.0000,264.0000,259.1000,259.6000,99853,26136137.7000,261.2000,316.0000,214.0000,2022-02-03T14:59:50.327968,259.6000,370,261.74,23560.89
149,2022-02-03,705,GILB,Global IME Laghubitta Bittiya Sanstha Ltd.,1776.0000,1776.0000,1740.5000,1765.0000,4184,7342765.7000,1741.5000,3191.0000,1390.0000,2022-02-03T14:58:48.777411,1765.0000,75,1754.96,9753.20
150,2022-02-03,2743,NGPL,Ngadi Group Power Ltd.,740.0000,753.5000,720.0000,725.0000,129155,95145141.5000,728.0000,1397.0000,217.0000,2022-02-03T14:59:59.293375,725.0000,675,736.67,5125.26
151,2022-02-03,2769,NHDL,Nepal Hydro Developers Ltd.,532.4000,552.8000,530.0000,532.0000,93142,50543950.0000,522.0000,840.0000,244.0000,2022-02-03T14:59:52.918288,532.0000,612,542.65,1702.03
152,2022-02-03,2804,SLBSL,Samudayik Laghubitta Bittiya Sanstha Limited,1340.0000,1400.0000,1340.0000,1391.0000,4642,6444261.0000,1350.0000,1785.0000,951.6000,2022-02-03T14:59:47.838378,1391.0000,77,1388.25,1836.12
153,2022-02-03,2863,NICBF,NIC Asia Balanced Fund,11.5000,11.6500,11.3100,11.5800,14600,167658.0000,11.5000,17.0000,9.9200,2022-02-03T14:59:24.711746,11.5800,16,11.48,874.29
154,2022-02-03,2898,NRN,NRN Infrastructure and Development Limited,785.0000,812.0000,770.0000,790.0000,101519,81165919.7000,782.0000,990.0000,368.0000,2022-02-03T14:59:50.774447,790.0000,813,799.51,9663.37
155,2022-02-03,2914,UMRH,United IDI Mardi RB Hydropower Limited.,655.0000,673.0000,649.0000,660.0000,44861,29620837.1000,645.0000,811.0000,220.0000,2022-02-03T14:59:48.987232,660.0000,334,660.28,2772.00
156,2022-02-03,2929,JLI,Jyoti Life Insurance Ltd,735.0000,735.0000,720.0000,722.0000,39578,28660754.8000,726.0000,998.0000,360.0000,2022-02-03T14:59:59.962984,722.0000,1183,724.15,15884.00
157,2022-02-03,4967,NICSF,NIC Asia Select Fund 30,9.1100,9.2500,9.0700,9.0700,81275,742373.9000,9.2500,10.1000,8.7500,2022-02-03T14:57:47.612449,9.0700,77,9.13,1133.75
158,2022-02-03,8018,MLBS,Manushi Laghubitta Bittiya Sanstha Limited,1535.0000,1561.0000,1520.0000,1520.0000,2875,4417967.0000,1560.0000,2189.1000,397.5000,2022-02-03T14:59:47.475184,1520.0000,129,1536.68,1662.50
159,2022-02-03,156,BBC,Bishal Bazar Company Limited,5200.0000,5285.0000,5130.0000,5130.0000,513,2680110.0000,5180.0000,8208.0000,2880.0000,2022-02-03T14:58:54.667420,5130.0000,27,5224.38,2520.88
160,2022-02-03,164,CBBL,Chhimek Laghubitta Bikas Bank Limited,1380.0000,1400.0000,1360.0000,1360.0000,17156,23518694.8000,1360.0000,2065.2000,1240.0000,2022-02-03T14:59:56.868417,1360.0000,286,1370.87,31607.76
161,2022-02-03,244,SIFC,Shree Investment Finance Co. Ltd.,499.6000,508.0000,476.0000,478.0000,34430,16760325.5000,490.0000,741.0000,211.0000,2022-02-03T14:59:53.778267,478.0000,203,486.79,4582.47
162,2022-02-03,396,NLBBL,Nerude Laghubita Bikas Bank Limited,1244.0000,1290.0000,1242.0000,1242.0000,14704,18522525.0000,1220.0000,1885.0000,901.8000,2022-02-03T14:59:56.816797,1242.0000,180,1259.69,7452.00
163,2022-02-03,693,CLBSL,Civil Laghubitta Bittiya Sanstha Ltd.,1113.0000,1140.0000,1106.0000,1120.0000,5054,5683039.5000,1106.0000,1811.0000,867.0000,2022-02-03T14:59:59.964499,1120.0000,76,1124.46,3226.99
164,2022-02-03,2748,RSDC,RSDC Laghubitta Bittiya Sanstha Ltd.,800.0000,800.0000,777.0000,778.0000,12800,10064971.4000,785.0000,1194.4000,584.0000,2022-02-03T14:59:48.187027,778.0000,157,786.32,6264.11
165,2022-02-03,2759,SPDL,Synergy Power Development Ltd.,513.0000,525.3000,509.0000,520.0000,330339,171484344.0000,503.1000,823.9000,245.0000,2022-02-03T14:59:55.352549,520.0000,1301,519.11,4194.19
166,2022-02-03,2877,SFMF,Sunrise First Mutual Fund,12.3000,12.3000,12.1200,12.1500,67515,820121.1000,12.4500,20.0000,10.2100,2022-02-03T14:56:17.459447,12.1500,19,12.14,1044.90
167,2022-02-03,2887,NICLBSL,NIC ASIA Laghubitta Bittiya Sanstha Limited,1245.0000,1250.0000,1221.0000,1228.0000,9833,12164390.8000,1240.0000,2037.0000,759.0000,2022-02-03T14:59:40.265626,1228.0000,365,1237.09,21360.32
168,2022-02-03,2903,LEC,Liberty Energy Company Limited,432.0000,443.0000,425.0000,426.4000,94701,41059545.0000,424.1000,530.0000,227.0000,2022-02-03T14:59:58.546511,426.4000,565,433.57,6396.00
169,2022-02-03,2905,GIC,General Insurance Company Nepal Ltd,664.0000,678.7000,664.0000,665.3000,9504,6355879.5000,673.8000,860.0000,485.1000,2022-02-03T14:58:58.658391,665.3000,267,668.75,6653.00
170,2022-02-03,2913,MEN,Mountain Energy Nepal Limited,1251.0000,1255.0000,1230.0000,1235.0000,6386,7951585.0000,1251.0000,1530.0000,600.0000,2022-02-03T14:59:20.570391,1235.0000,168,1245.15,24305.13
171,2022-02-03,2922,SBD87,8.5% Sanima Debenture 2087,914.0000,914.0000,914.0000,914.0000,25,22850.0000,932.0000,1010.0000,914.0000,2022-02-03T14:08:42.258889,914.0000,1,914.00,
172,2022-02-03,2924,GLH,GreenLife Hydropower Limited,498.0000,524.0000,498.0000,510.5000,54463,28112732.1000,501.0000,657.0000,299.0000,2022-02-03T14:59:56.327688,510.5000,831,516.18,9189.00
173,2022-02-03,2933,KEF,Kumari Equity Fund,9.1200,9.3000,9.1200,9.2500,19140,176674.2000,9.2500,11.6500,8.6700,2022-02-03T14:55:43.812222,9.2500,60,9.23,925.00
174,2022-02-03,4949,NIBSF2,NIBL Samriddhi Fund -2,9.3700,9.4200,9.1900,9.4200,23860,222171.2000,9.3700,11.5300,8.5600,2022-02-03T14:47:20.384093,9.4200,35,9.31,1413.00
175,2022-02-03,4956,ULI,Union Life Insurance Company Limited,715.0000,734.0000,713.0000,720.0000,108631,78811902.5000,712.0000,940.1000,342.0000,2022-02-03T14:59:53.444519,720.0000,2451,725.50,15480.00
176,2022-02-03,163,NUBL,Nirdhan Utthan Laghubitta Bittiya Sanstha Limited,1285.0000,1310.0000,1260.0000,1270.0000,29445,38201778.5000,1279.0000,1919.0000,1166.0000,2022-02-03T14:59:16.346713,1270.0000,331,1297.39,27876.82
177,2022-02-03,171,SANIMA,Sanima Bank Limited,376.0000,376.3000,368.0000,369.0000,66693,24779701.5000,369.0000,564.9000,319.0000,2022-02-03T14:59:44.932272,369.0000,501,371.54,41798.02
178,2022-02-03,177,RBCL,Rastriya Beema Company Limited,18666.0000,19039.0000,18549.0000,18700.0000,1304,24381081.0000,18300.0000,24370.0000,13907.0000,2022-02-03T14:58:51.537018,18700.0000,77,18697.14,49861.03
179,2022-02-03,179,HGI,Himalayan General Insurance Co. Ltd,782.0000,787.0000,762.6000,774.9000,40200,31023642.6000,782.0000,982.0000,557.0000,2022-02-03T14:59:52.614246,774.9000,114,771.73,8526.51
180,2022-02-03,186,IGI,IME General Insurance Ltd.,1179.9000,1190.0000,1158.0000,1160.0000,55325,64849510.8000,1170.0000,1465.0000,865.0000,2022-02-03T14:59:59.559482,1160.0000,366,1172.15,13428.00
181,2022-02-03,194,NFS,Nepal Finance Ltd.,735.0000,760.0000,722.0000,744.6000,64924,47616594.6000,735.0000,806.0000,288.0000,2022-02-03T14:59:42.132286,744.6000,335,733.42,3674.57
182,2022-02-03,256,SFCL,Samriddhi Finance Company Limited,418.2000,434.0000,408.0000,408.1000,28581,11888732.5000,410.0000,720.0000,161.0000,2022-02-03T14:59:51.780842,408.1000,251,415.96,3341.98
183,2022-02-03,307,NTC,Nepal Doorsanchar Comapany Limited,1575.0000,1600.0000,1516.0000,1560.0000,104116,161909543.8000,1568.0000,1600.0000,972.0000,2022-02-03T14:59:59.337509,1560.0000,792,1555.08,234000.00
184,2022-02-03,358,LBBL,Lumbini Bikas Bank Ltd.,549.8000,555.0000,532.1000,538.0000,122911,67170910.2000,539.1000,774.0000,233.0000,2022-02-03T14:59:52.087505,538.0000,631,546.50,17669.49
185,2022-02-03,397,ADBL,Agriculture Development Bank Limited,425.0000,425.0000,420.0000,420.6000,47402,20034413.9000,423.0000,620.0000,398.0000,2022-02-03T14:59:55.628911,420.6000,437,422.64,55468.37
186,2022-02-03,401,MLBL,Mahalaxmi Bikas Bank Ltd.,552.0000,554.8000,533.0000,538.0000,146006,79545856.2000,542.0000,883.0000,258.0000,2022-02-03T14:59:55.866527,538.0000,780,544.81,21578.55
187,2022-02-03,403,SLICL,Surya Life Insurance Company Limited,825.0000,829.0000,813.0000,814.0000,18548,15189271.4000,817.0000,1091.0000,617.4000,2022-02-03T14:59:35.793501,814.0000,139,818.91,20759.30
188,2022-02-03,473,SHINE,Shine Resunga Development Bank Ltd.,459.0000,459.9000,444.0000,444.0000,84026,38052865.2000,450.8000,655.0000,251.0000,2022-02-03T14:59:59.945124,444.0000,488,452.87,16787.68
189,2022-02-03,516,MFIL,Manjushree Finance Ltd.,745.0000,760.0000,720.0000,726.0000,27877,20400867.4000,732.0000,1456.0000,424.0000,2022-02-03T14:59:58.323047,726.0000,347,731.81,9812.27
190,2022-02-03,562,MEGA,Mega  Bank Nepal Ltd.,298.0000,299.8000,293.0000,296.0000,122235,36287134.3000,295.0000,405.0000,251.2000,2022-02-03T14:59:59.705382,296.0000,645,296.86,47716.57
191,2022-02-03,574,SKBBL,Sana Kisan Bikas Bank Ltd,1399.0000,1425.0000,1381.0000,1381.1000,8971,12560178.5000,1399.0000,2184.0000,1145.0000,2022-02-03T14:59:46.131462,1381.1000,104,1400.08,21606.12
192,2022-02-03,2744,GRDBL,Green Development Bank Ltd.,396.0000,396.0000,379.1000,388.0000,26775,10365899.5000,389.0000,537.9000,162.0000,2022-02-03T14:59:51.642267,388.0000,183,387.14,2013.72
193,2022-02-03,2766,CHL,Chhyangdi Hydropower Ltd.,509.6000,542.2000,509.6000,513.0000,67245,35341004.4000,520.0000,715.0000,168.0000,2022-02-03T14:59:46.347068,513.0000,571,525.55,1963.38
194,2022-02-03,2780,CMF1,Citizens Mutual Fund -1,10.0000,10.3300,10.0000,10.1300,15900,162639.5000,9.9400,16.0100,9.0300,2022-02-03T14:52:40.024137,10.1300,18,10.22,830.66
195,2022-02-03,2792,UPPER,Upper Tamakoshi Hydropower Ltd,781.3000,781.3000,747.0000,750.9000,311026,238302173.2000,766.0000,962.5000,471.0000,2022-02-03T14:59:58.816713,750.9000,2148,766.18,79520.31
196,2022-02-03,2807,ALBSL,Asha Laghubitta Bittiya Sanstha Ltd,1652.4000,1652.4000,1591.0000,1620.0000,4138,6652546.3000,1620.0000,2101.2000,1176.0000,2022-02-03T14:56:34.036931,1620.0000,93,1607.67,5409.41
197,2022-02-03,2810,UPCL,UNIVERSAL POWER COMPANY LTD,425.1000,434.9000,416.0000,418.0000,196356,83792618.8000,419.0000,635.0000,132.0000,2022-02-03T14:59:59.368548,418.0000,1000,426.73,8779.46
198,2022-02-03,2831,UNHPL,Union Hydropower Limited,411.0000,423.0000,406.3000,408.0000,93603,39070563.4000,409.0000,612.0000,113.0000,2022-02-03T14:59:54.498951,408.0000,675,417.40,3060.00
199,2022-02-03,2859,SIGS2,Siddhartha Investment Growth Scheme - 2,11.5000,11.7300,11.5000,11.6100,235480,2760527.9000,11.5000,16.8700,10.1500,2022-02-03T14:43:58.559099,11.6100,16,11.72,1393.20
200,2022-02-03,2893,AIL,Ajod Insurance Limited,775.0000,775.0000,759.9000,760.0000,12329,9443107.9000,768.0000,1125.0000,588.8000,2022-02-03T14:59:53.925210,760.0000,239,765.92,7600.00
201,2022-02-03,2919,NIFRA,Nepal Infrastructure Bank Limited,383.0000,392.0000,376.0000,376.5000,479810,184807759.7000,376.0000,726.0000,268.5000,2022-02-03T14:59:59.224846,376.5000,3601,385.16,81324.00
202,2022-02-03,2923,SLCF,Sanima Large Cap Fund,9.2000,9.3000,9.2000,9.2100,19450,179891.0000,9.2700,11.4000,8.7800,2022-02-03T14:56:27.794948,9.2100,32,9.24,1105.20
203,2022-02-03,8021,SAHAS,Sahas Urja Limited,673.2000,726.0000,673.2000,700.0000,243194,171135531.8000,660.0000,789.4000,405.3000,2022-02-03T14:59:57.244720,700.0000,5418,703.69,24500.00
204,2022-02-03,141,LBL,Laxmi Bank Limited,304.0000,304.0000,295.3000,297.0000,31689,9477586.4000,300.0000,447.0000,245.0000,2022-02-03T14:59:49.888503,297.0000,177,299.08,34307.49
205,2022-02-03,147,SHL,Soaltee Hotel Limited,226.1000,228.0000,223.2000,224.0000,22385,5060777.6000,226.1000,321.0000,182.0000,2022-02-03T14:59:34.496904,224.0000,92,226.07,18873.79
206,2022-02-03,153,BPCL,Butwal Power Company Limited,463.0000,473.0000,460.0000,460.7000,54529,25331192.7000,454.0000,703.0000,383.0000,2022-02-03T14:59:51.223745,460.7000,505,464.54,14956.61
207,2022-02-03,172,NABBC,Narayani Development Bank Limited,591.6000,592.0000,565.0000,567.1000,12124,6929421.6000,580.0000,1251.1000,442.0000,2022-02-03T14:57:58.786147,567.1000,98,571.54,1488.45
208,2022-02-03,184,PRIN,Prabhu Insurance Ltd.,891.0000,898.0000,873.0000,873.0000,28383,25104771.2000,889.9000,1162.0000,653.9000,2022-02-03T14:59:56.636545,873.0000,161,884.50,10143.41
209,2022-02-03,235,HDL,Himalayan Distillery Limited,4851.0000,4860.0000,4725.0000,4732.0000,14231,67838369.3000,4765.0000,7938.0000,3879.0000,2022-02-03T14:59:44.063018,4732.0000,494,4766.94,71854.44
210,2022-02-03,263,GMFIL,Guheshowori Merchant Bank & Finance Co. Ltd.,510.0000,511.0000,485.5000,500.0000,27908,13933189.9000,500.0000,773.0000,205.0000,2022-02-03T14:59:58.902912,500.0000,161,499.25,4752.00
211,2022-02-03,274,EDBL,Excel Development Bank Ltd.,584.0000,590.5000,562.7000,563.6000,17597,10065367.2000,579.0000,1195.0000,383.0000,2022-02-03T14:59:55.822711,563.6000,178,571.99,6491.50
212,2022-02-03,559,NLG,NLG Insurance Company Ltd.,974.0000,974.0000,942.3000,947.0000,11719,11170878.3000,955.0000,1422.0000,710.0000,2022-02-03T14:59:51.875272,947.0000,106,953.22,11420.94
213,2022-02-03,561,SINDU,Sindhu Bikash Bank Ltd,442.0000,450.0000,430.0000,430.0000,54921,24197844.6000,434.0000,618.0000,177.0000,2022-02-03T14:59:33.624518,430.0000,296,440.59,2397.06
214,2022-02-03,583,GBLBS,Grameen Bikas Laghubitta Bittiya Sanstha Ltd.,1095.0000,1120.0000,1070.5000,1070.5000,25859,28036633.6000,1100.0000,1437.0000,800.0000,2022-02-03T14:59:50.470017,1070.5000,221,1084.21,10517.66
215,2022-02-03,587,RLFL,Reliance Finance Ltd.,530.0000,530.0000,510.7000,511.0000,43329,22522933.9000,520.0000,814.0000,210.0000,2022-02-03T14:59:27.983200,511.0000,267,519.81,5380.86
216,2022-02-03,682,MMFDB,Mirmire Microfinance Development Bank Ltd.,1446.0000,1446.0000,1402.0000,1415.0000,7136,10156739.5000,1418.0000,2095.0000,1318.2000,2022-02-03T14:59:54.794786,1415.0000,74,1423.30,7387.51
217,2022-02-03,697,API,Api Power Company Ltd.,562.0000,575.0000,553.0000,557.0000,928168,525018722.0000,551.0000,670.0000,276.0000,2022-02-03T14:59:58.548362,557.0000,3924,565.65,15367.16
218,2022-02-03,2742,HIDCL,Hydorelectricity Investment and Development Company Ltd,360.0000,366.0000,350.0000,350.0000,681834,243735136.7000,358.5000,606.0000,244.1000,2022-02-03T14:59:57.075251,350.0000,3470,357.46,83160.00
219,2022-02-03,2754,DHPL,Dibyashwori Hydropower Ltd.,331.5000,338.1000,323.0000,323.0000,58306,19282580.0000,325.0000,485.2000,110.0000,2022-02-03T14:59:31.903303,323.0000,365,330.71,852.72
220,2022-02-03,2773,SAEF,Sanima Equity Fund,14.2000,14.3400,14.0000,14.0700,252848,3612739.0000,13.9400,20.1900,11.9900,2022-02-03T14:59:16.345731,14.0700,34,14.28,1829.10
221,2022-02-03,2815,GMFBS,Ganapati Laghubitta Bittiya Sanstha Limited,1363.1000,1380.0000,1353.0000,1365.0000,892,1219440.2000,1390.0000,1996.0000,1160.0000,2022-02-03T14:36:35.845162,1365.0000,24,1367.08,2068.72
222,2022-02-03,2915,PLI,Prabhu Life Insurance Limited,643.0000,655.7000,633.0000,639.9000,15271,9859323.4000,643.0000,950.0000,477.0000,2022-02-03T14:59:59.000883,639.9000,616,645.62,12798.00
223,2022-02-03,4968,RMF1,RBB Mutual Fund 1,9.1000,9.2000,9.1000,9.1600,11570,105967.0000,9.1600,10.3000,8.8000,2022-02-03T14:39:57.093594,9.1600,23,9.15,1145.00
224,2022-02-03,8031,MBJC,Madhya Bhotekoshi Jalavidyut Company Limited,455.0000,466.0000,451.0000,451.0000,74742,34322809.8000,455.0000,505.0000,100.0000,2022-02-03T14:59:56.937403,451.0000,3896,459.21,27060.00
